READ,n1,n2,n3,n4,n5,n6,n7,n8,n9,n10,n11,n12,n13,n14,n15,n16,n17,n18,n19,n20,n21,n22,n23,n24,n25,n26,n27,n28,n29,n30,n31,n32,n33,n34,n35,n36,n37,n38,n39,n40,n41,n42,n43,n44,n45,n46,n47,n48,n49,n50
1006,0.437867,0.438921,0.442374,0.445772,0.44875,0.449866,0.449301,0.44777,0.444963,0.441604,0.440642,0.442552,0.446595,0.450913,0.452337,0.450806,0.448234,0.448749,0.452538,0.455637,0.453952,0.448548,0.442837,0.439808,0.439454,0.441352,0.444356,0.447518,0.452928,0.460145,0.468554,0.475594,0.480914,0.484335,0.485047,0.484297,0.483534,0.482828,0.482881,0.48411,0.486628,0.490492,0.495366,0.499063,0.497692,0.488938,0.480555,0.478595,0.482181,0.484839
1007,0.332712,0.340423,0.350161,0.361289,0.372806,0.384184,0.394714,0.403804,0.411202,0.416645,0.420131,0.422523,0.424372,0.425664,0.424928,0.41903,0.404328,0.380896,0.349545,0.313578,0.277615,0.245021,0.218892,0.200777,0.192434,0.195207,0.209603,0.23302,0.257731,0.277924,0.296114,0.314375,0.331729,0.346986,0.36173,0.376599,0.390933,0.40277,0.410444,0.416712,0.423925,0.432141,0.43936,0.445654,0.452593,0.460549,0.468118,0.474286,0.479734,0.485274
1008,0.483198,0.479521,0.475617,0.471002,0.465571,0.461309,0.458923,0.457223,0.452805,0.444867,0.43753,0.4292,0.421286,0.413514,0.404741,0.396282,0.389744,0.382514,0.371756,0.361173,0.353474,0.347983,0.344402,0.343424,0.343983,0.347412,0.353825,0.360972,0.368155,0.375181,0.384112,0.395541,0.406332,0.415708,0.424387,0.432366,0.440008,0.443657,0.442478,0.439095,0.438593,0.44256,0.450146,0.461983,0.476103,0.486786,0.493267,0.496175,0.494812,0.496308
1101,0.412398,0.4199,0.428328,0.435728,0.440394,0.444074,0.447487,0.448995,0.448202,0.44797,0.448915,0.446714,0.438859,0.433676,0.43259,0.430237,0.424921,0.421977,0.420571,0.41571,0.405022,0.39407,0.385683,0.381214,0.381352,0.387229,0.398403,0.411484,0.422502,0.430175,0.435782,0.440814,0.444622,0.446013,0.444879,0.442215,0.439089,0.435071,0.431491,0.431719,0.438264,0.451816,0.46832,0.480952,0.484556,0.478225,0.465963,0.455896,0.455517,0.463162
1103,0.69325,0.688219,0.674724,0.66047,0.647375,0.639406,0.634371,0.629352,0.626627,0.617542,0.615399,0.624583,0.634776,0.63131,0.623802,0.615666,0.607238,0.595412,0.585057,0.583615,0.586655,0.582294,0.563921,0.548632,0.542435,0.545382,0.554714,0.560407,0.565354,0.570745,0.573659,0.576128,0.57346,0.570135,0.572912,0.583514,0.594303,0.59908,0.604914,0.601735,0.596925,0.593227,0.586534,0.585803,0.589894,0.595749,0.598413,0.600815,0.61187,0.625322
1104,0.46894,0.475753,0.48427,0.493028,0.501037,0.50736,0.511567,0.514303,0.516085,0.516639,0.514971,0.508436,0.494988,0.477812,0.459129,0.441573,0.425776,0.410667,0.392816,0.371688,0.351078,0.334054,0.322924,0.317464,0.315591,0.318873,0.329231,0.345822,0.36439,0.382259,0.402647,0.426662,0.451492,0.471719,0.489706,0.509536,0.530356,0.545468,0.547349,0.546672,0.548238,0.55068,0.548897,0.538985,0.529898,0.52386,0.519642,0.512313,0.499707,0.490331
1106,0.511145,0.513157,0.515864,0.517644,0.51685,0.514963,0.512922,0.510147,0.508117,0.506918,0.507122,0.507304,0.506328,0.504322,0.501537,0.499005,0.494732,0.485796,0.474452,0.461546,0.447428,0.434083,0.423495,0.416272,0.412215,0.411231,0.412786,0.414863,0.416298,0.419446,0.425702,0.43535,0.447737,0.463391,0.48272,0.503844,0.522738,0.537979,0.550447,0.559699,0.564987,0.563832,0.55726,0.546458,0.536115,0.526119,0.515437,0.504362,0.494373,0.483432
1201,0.417959,0.416222,0.415688,0.418849,0.42689,0.436436,0.445291,0.452747,0.459659,0.467303,0.474,0.478477,0.483001,0.487343,0.490665,0.492913,0.495241,0.49528,0.489413,0.477494,0.461768,0.444522,0.429505,0.419341,0.416189,0.420338,0.428176,0.436703,0.445267,0.452562,0.457629,0.459195,0.458148,0.456645,0.456113,0.456235,0.456762,0.45752,0.457885,0.457231,0.456415,0.457805,0.462773,0.472603,0.48871,0.510448,0.533789,0.555769,0.575703,0.590752
1202,0.455626,0.455497,0.456667,0.458785,0.461539,0.464617,0.467259,0.469161,0.470339,0.470987,0.471673,0.472998,0.474855,0.475905,0.475442,0.473212,0.468653,0.461407,0.452169,0.442335,0.432202,0.421925,0.413271,0.408335,0.408025,0.411079,0.41447,0.418362,0.425359,0.435874,0.448219,0.458678,0.465622,0.473728,0.484017,0.493727,0.500019,0.504223,0.509661,0.515692,0.518265,0.514414,0.507633,0.501462,0.496031,0.490317,0.483536,0.476806,0.47128,0.466418
1300,0.531329,0.5266,0.517742,0.507206,0.497114,0.48798,0.479759,0.472974,0.465553,0.457481,0.449026,0.439064,0.425284,0.407003,0.388575,0.372877,0.360404,0.348783,0.336496,0.325523,0.316811,0.310634,0.306714,0.304579,0.303795,0.304579,0.307786,0.314726,0.326176,0.340806,0.355965,0.371945,0.389419,0.407272,0.422247,0.434937,0.447603,0.461853,0.47664,0.490165,0.502551,0.514104,0.524965,0.534546,0.540652,0.546044,0.552804,0.560449,0.566653,0.568855
2000,0.52321,0.530075,0.537003,0.543883,0.549314,0.552343,0.551692,0.545535,0.533179,0.519083,0.504347,0.488589,0.471606,0.452528,0.432332,0.411988,0.392723,0.374818,0.359401,0.347727,0.340226,0.331737,0.32155,0.315336,0.314506,0.31633,0.325341,0.344699,0.368676,0.39275,0.418616,0.44776,0.474878,0.493281,0.503689,0.510773,0.515836,0.519404,0.518895,0.516123,0.512712,0.509825,0.506398,0.497356,0.483017,0.468232,0.454723,0.440492,0.420962,0.403525
2009,0.423708,0.422864,0.42213,0.422952,0.425557,0.429484,0.433936,0.438046,0.441654,0.444226,0.446046,0.446595,0.444476,0.439998,0.432753,0.423836,0.41351,0.401965,0.388066,0.372076,0.357608,0.345657,0.333716,0.322568,0.317295,0.319572,0.327723,0.340257,0.356632,0.376436,0.397477,0.418709,0.440137,0.461614,0.480847,0.495754,0.506868,0.51569,0.522644,0.525269,0.52255,0.516139,0.508989,0.500307,0.489023,0.477722,0.468857,0.461792,0.454382,0.449514
2010,0.358569,0.350136,0.343676,0.341767,0.345639,0.354166,0.366067,0.38019,0.394323,0.408092,0.418896,0.423723,0.424549,0.424578,0.42533,0.426975,0.427968,0.425812,0.419603,0.411601,0.396047,0.372683,0.353671,0.341409,0.335551,0.336254,0.34528,0.361109,0.38151,0.403219,0.418934,0.430135,0.442347,0.455703,0.467223,0.473833,0.477602,0.482047,0.485009,0.480407,0.471043,0.463525,0.459392,0.45772,0.458089,0.461666,0.468009,0.475859,0.481181,0.480043
2047,0.449412,0.448476,0.449993,0.45294,0.456302,0.459856,0.464373,0.470445,0.476925,0.48226,0.484972,0.48488,0.483181,0.481092,0.478589,0.475278,0.471089,0.466085,0.461166,0.456497,0.451583,0.445276,0.438408,0.432958,0.43064,0.432422,0.437838,0.446592,0.458322,0.472938,0.490458,0.508338,0.520858,0.526744,0.530176,0.532016,0.529573,0.525319,0.523767,0.525305,0.527586,0.529288,0.53275,0.537866,0.542059,0.539568,0.535547,0.534515,0.53656,0.53917
2087,0.569128,0.576072,0.580356,0.578888,0.570598,0.557546,0.544256,0.533186,0.524637,0.517963,0.511274,0.503295,0.494158,0.48377,0.471586,0.458266,0.445552,0.435684,0.428372,0.422153,0.416925,0.411387,0.405825,0.402123,0.399924,0.401435,0.404757,0.407865,0.411477,0.414744,0.416739,0.415856,0.415468,0.420653,0.432668,0.448264,0.4635,0.480796,0.500132,0.516912,0.529145,0.539745,0.550541,0.559123,0.563647,0.566595,0.568788,0.568971,0.567347,0.570202
2089,NaN,NaN,NaN,NaN,NaN,NaN,NaN,NaN,NaN,NaN,NaN,NaN,NaN,NaN,NaN,NaN,NaN,NaN,NaN,NaN,NaN,NaN,NaN,NaN,NaN,NaN,NaN,NaN,NaN,NaN,NaN,NaN,NaN,NaN,NaN,NaN,NaN,NaN,NaN,NaN,NaN,NaN,NaN,NaN,NaN,NaN,NaN,NaN,NaN,NaN
2100,0.508829,0.522381,0.533515,0.54059,0.541221,0.535664,0.527185,0.518092,0.510521,0.504237,0.497753,0.491172,0.485012,0.477691,0.469272,0.459013,0.446528,0.43453,0.423448,0.410691,0.394977,0.372224,0.351073,0.338203,0.33339,0.333529,0.335954,0.344874,0.358703,0.374066,0.38707,0.401564,0.419173,0.435703,0.442715,0.445158,0.452323,0.463837,0.473054,0.473235,0.474303,0.480176,0.489706,0.496823,0.494427,0.490537,0.488447,0.488332,0.48963,0.49061
2155,0.473866,0.479409,0.486619,0.4945,0.500564,0.502425,0.499027,0.491767,0.483201,0.475503,0.469799,0.465956,0.462377,0.457876,0.450742,0.441629,0.433591,0.430999,0.434127,0.439491,0.443143,0.441369,0.432538,0.423975,0.421196,0.425945,0.437459,0.450783,0.462356,0.472113,0.481433,0.488467,0.493094,0.499446,0.509507,0.522727,0.536411,0.549016,0.560803,0.56888,0.56782,0.560004,0.551855,0.545199,0.539714,0.536162,0.535734,0.538146,0.540764,0.542472
2159,0.522257,0.525277,0.528712,0.532094,0.534933,0.537594,0.540254,0.541828,0.541837,0.540019,0.53729,0.534125,0.530025,0.523912,0.515067,0.502986,0.487597,0.469834,0.45129,0.433718,0.419209,0.408568,0.401557,0.397766,0.39707,0.397772,0.39802,0.397488,0.397171,0.399623,0.406101,0.418614,0.437403,0.458611,0.47636,0.489376,0.50137,0.511441,0.515472,0.515767,0.515999,0.514939,0.514148,0.516213,0.521116,0.528387,0.535975,0.544361,0.553659,0.554416
2192,NaN,NaN,NaN,NaN,NaN,NaN,NaN,NaN,NaN,NaN,NaN,NaN,NaN,NaN,NaN,NaN,NaN,NaN,NaN,NaN,NaN,NaN,NaN,NaN,NaN,NaN,NaN,NaN,NaN,NaN,NaN,NaN,NaN,NaN,NaN,NaN,NaN,NaN,NaN,NaN,NaN,NaN,NaN,NaN,NaN,NaN,NaN,NaN,NaN,NaN
2239,0.548015,0.552433,0.550544,0.548929,0.548618,0.547144,0.545535,0.549812,0.560232,0.572277,0.580279,0.580818,0.575904,0.568962,0.561065,0.551084,0.538297,0.523286,0.508246,0.495743,0.484791,0.474152,0.46187,0.450836,0.445492,0.446638,0.450214,0.454838,0.464274,0.477322,0.485762,0.48733,0.489721,0.493814,0.500164,0.509937,0.521149,0.533073,0.542504,0.546377,0.55041,0.555869,0.561166,0.562523,0.564976,0.570257,0.578649,0.587897,0.593662,0.597161
2250,0.512476,0.526607,0.536314,0.544575,0.552871,0.561339,0.568213,0.568667,0.564272,0.559557,0.55617,0.553958,0.550348,0.538786,0.522497,0.504504,0.485382,0.466343,0.447483,0.429523,0.414334,0.401996,0.392402,0.386606,0.38646,0.392941,0.405767,0.419917,0.437123,0.461097,0.488109,0.505107,0.518945,0.53841,0.559254,0.567594,0.569306,0.57297,0.57644,0.569828,0.559047,0.554636,0.555484,0.551259,0.538133,0.524522,0.510467,0.491717,0.468062,0.445598
2257,0.484565,0.490139,0.494058,0.493722,0.490707,0.486889,0.483505,0.480213,0.476066,0.471414,0.467115,0.463481,0.461489,0.460608,0.460394,0.459789,0.456812,0.449941,0.440724,0.431199,0.422603,0.415842,0.411157,0.405914,0.399956,0.398029,0.402498,0.412186,0.422382,0.425814,0.421726,0.416539,0.414084,0.415767,0.421068,0.429146,0.440766,0.456744,0.477512,0.500818,0.524529,0.546427,0.562965,0.573456,0.579336,0.579995,0.57384,0.562868,0.551441,0.542574
2315,0.433572,0.431995,0.434154,0.438738,0.44461,0.450319,0.454037,0.456998,0.459347,0.460177,0.458289,0.455703,0.453537,0.451457,0.447224,0.441114,0.433865,0.425674,0.416835,0.408168,0.401225,0.397157,0.396554,0.398297,0.401653,0.406276,0.410347,0.412495,0.414156,0.416499,0.420057,0.42438,0.428162,0.432561,0.437737,0.442783,0.446364,0.448348,0.450327,0.453152,0.4564,0.457832,0.455382,0.450712,0.447309,0.445848,0.445427,0.447413,0.453156,0.462434
2321,0.447953,0.44076,0.434312,0.427235,0.420212,0.414968,0.410292,0.405519,0.403871,0.404147,0.403816,0.404103,0.405221,0.409539,0.417456,0.422727,0.425908,0.427496,0.419659,0.404583,0.392482,0.384862,0.377751,0.374256,0.373906,0.377163,0.386399,0.398284,0.410968,0.424907,0.438756,0.440022,0.430954,0.423936,0.422143,0.42212,0.421662,0.420871,0.419057,0.412146,0.398054,0.381928,0.369284,0.362572,0.36131,0.366363,0.376669,0.390176,0.410229,0.424895
2332,0.482526,0.478802,0.474733,0.471788,0.47034,0.469617,0.468721,0.466835,0.465184,0.465158,0.467684,0.472459,0.478154,0.482692,0.485794,0.485714,0.483135,0.480768,0.47958,0.478642,0.477628,0.474442,0.471491,0.471146,0.47281,0.475628,0.478023,0.482283,0.489221,0.495365,0.498873,0.50361,0.511952,0.523089,0.535135,0.548168,0.564043,0.581768,0.596009,0.603037,0.610246,0.618413,0.624416,0.62287,0.620016,0.618672,0.618044,0.615746,0.614246,0.615434
2333,0.519859,0.510873,0.499444,0.487228,0.475058,0.462735,0.450693,0.440795,0.434624,0.431876,0.431034,0.430697,0.431159,0.433632,0.438553,0.444946,0.449689,0.450236,0.445093,0.436762,0.429916,0.425094,0.421831,0.418448,0.415653,0.416489,0.421867,0.430116,0.43408,0.436594,0.441496,0.448108,0.45247,0.454203,0.45712,0.461604,0.463961,0.461866,0.460749,0.462091,0.462525,0.456873,0.45319,0.453611,0.457387,0.464166,0.477512,0.497876,0.518674,0.525657
2343,0.401634,0.4032,0.408201,0.415954,0.424909,0.433825,0.439628,0.442225,0.442946,0.441919,0.440572,0.439506,0.437294,0.434764,0.432638,0.429743,0.425848,0.422701,0.420491,0.417452,0.413144,0.408905,0.406265,0.405936,0.408127,0.412093,0.416243,0.418497,0.415716,0.411697,0.413032,0.421471,0.436298,0.455532,0.476768,0.497701,0.515518,0.52929,0.537984,0.543856,0.548146,0.548361,0.543601,0.535219,0.526862,0.519535,0.510328,0.496366,0.480028,0.467234
2351,0.522773,0.521872,0.521207,0.520127,0.51766,0.513927,0.509022,0.502885,0.495738,0.488102,0.481582,0.477065,0.474919,0.474604,0.475121,0.474783,0.473464,0.471571,0.468819,0.463319,0.45446,0.443298,0.433837,0.427972,0.426022,0.42715,0.429915,0.434593,0.439626,0.444745,0.448751,0.450848,0.452103,0.452916,0.453058,0.450826,0.444436,0.435407,0.42495,0.41347,0.402568,0.394456,0.389659,0.387284,0.386763,0.389057,0.394653,0.402214,0.410089,0.416964
2409,0.495758,0.491643,0.490817,0.491855,0.489292,0.479772,0.466192,0.45204,0.439987,0.429655,0.419726,0.411708,0.406158,0.402345,0.397359,0.388766,0.379022,0.36982,0.360412,0.349798,0.336931,0.318911,0.297318,0.279078,0.269413,0.26948,0.275489,0.285091,0.300258,0.320946,0.342912,0.361573,0.379529,0.400162,0.420924,0.433666,0.436403,0.43809,0.447319,0.468537,0.501005,0.539249,0.572917,0.586875,0.580613,0.572988,0.571,0.572573,0.579623,0.594928
2428,0.242137,0.277616,0.286214,0.265756,0.249386,0.242175,0.246961,0.255163,0.266786,0.277505,0.297713,0.313181,0.312626,0.298064,0.282395,0.28062,0.293216,0.303868,0.31297,0.327542,0.340936,0.340319,0.30811,0.277055,0.268916,0.29259,0.338588,0.352875,0.353751,0.358706,0.36172,0.352238,0.34385,0.341812,0.322093,0.312637,0.333482,0.365007,0.42046,0.468114,0.467204,0.475574,0.490999,0.475816,0.465786,0.457613,0.406389,0.342397,0.298675,0.269129
2606,0.404272,0.403211,0.403458,0.404232,0.405402,0.406837,0.407296,0.405601,0.40266,0.399319,0.395015,0.388181,0.37808,0.364368,0.348248,0.3304,0.312284,0.295386,0.281609,0.272977,0.268972,0.266597,0.263985,0.26067,0.257959,0.258488,0.264068,0.275108,0.291251,0.309621,0.328832,0.349074,0.370565,0.392179,0.410469,0.42482,0.437839,0.451385,0.467441,0.487935,0.511431,0.533912,0.549452,0.562016,0.574566,0.584257,0.588045,0.593165,0.602387,0.604689
3004,0.480045,0.486133,0.491373,0.494986,0.495687,0.492179,0.485622,0.476904,0.466764,0.455063,0.442247,0.429451,0.417583,0.406371,0.396337,0.387545,0.37992,0.372425,0.361599,0.346324,0.327435,0.308991,0.293731,0.283165,0.27905,0.282373,0.293592,0.311874,0.333657,0.355451,0.377091,0.401369,0.427429,0.451229,0.467734,0.480623,0.492923,0.502872,0.50629,0.503757,0.501478,0.501899,0.504633,0.503175,0.495002,0.487464,0.484043,0.485218,0.488077,0.488402
3009,0.473646,0.4708,0.467744,0.465268,0.463829,0.462919,0.460817,0.456975,0.45246,0.447911,0.442288,0.433567,0.422457,0.410742,0.400211,0.391035,0.382023,0.372356,0.361882,0.350897,0.339244,0.325446,0.313176,0.305918,0.30519,0.309425,0.317491,0.332723,0.355521,0.382419,0.408757,0.435567,0.465294,0.496212,0.521935,0.538093,0.554227,0.573643,0.594944,0.611197,0.618796,0.628271,0.641385,0.655922,0.66607,0.658337,0.646435,0.640698,0.640863,0.644764
3010,0.500543,0.507177,0.517042,0.5296,0.542876,0.555113,0.563781,0.564247,0.557465,0.549579,0.541973,0.534223,0.525538,0.514635,0.500966,0.48665,0.472763,0.458781,0.443604,0.425021,0.403016,0.38173,0.363907,0.350546,0.341872,0.33876,0.342833,0.354215,0.369177,0.382854,0.39787,0.415643,0.432669,0.442417,0.449136,0.457912,0.465956,0.465762,0.460254,0.457826,0.458811,0.458969,0.458133,0.463907,0.478111,0.494822,0.50192,0.50468,0.50468,0.50468
3011,0.59725,0.587013,0.575238,0.563081,0.551117,0.539443,0.528497,0.518078,0.507181,0.495786,0.484583,0.474779,0.466802,0.458487,0.446668,0.433768,0.422938,0.41414,0.401493,0.384949,0.371912,0.365655,0.362201,0.356544,0.354488,0.362204,0.376609,0.393364,0.411441,0.43177,0.448257,0.453429,0.451844,0.45372,0.455923,0.453332,0.44389,0.429021,0.409237,0.384507,0.361486,0.34177,0.325912,0.314222,0.311608,0.317794,0.32687,0.338037,0.353859,0.375064
3013,0.39299,0.39253,0.392832,0.394078,0.39637,0.399053,0.401724,0.404559,0.407547,0.41021,0.412022,0.413946,0.416034,0.41813,0.41997,0.421075,0.419243,0.41455,0.407153,0.39723,0.385574,0.373474,0.362637,0.35597,0.35497,0.359919,0.369794,0.382179,0.396811,0.413332,0.431165,0.447129,0.456868,0.462289,0.469314,0.479201,0.487913,0.49266,0.498759,0.508047,0.516687,0.514781,0.50515,0.495219,0.487505,0.47885,0.46858,0.459514,0.453576,0.452192
3030,0.539042,0.528532,0.515134,0.499164,0.481089,0.462858,0.445244,0.427378,0.410063,0.39456,0.382316,0.373693,0.368588,0.366271,0.366052,0.368148,0.369759,0.369907,0.369472,0.369074,0.369492,0.370338,0.36726,0.357511,0.353887,0.360112,0.375926,0.39809,0.423035,0.452273,0.485313,0.519327,0.539795,0.550661,0.563971,0.57936,0.593021,0.599135,0.602144,0.604468,0.606319,0.603633,0.591215,0.579196,0.570841,0.565197,0.557985,0.542898,0.528247,0.518708
3057,0.491942,0.498344,0.502103,0.502127,0.499625,0.495455,0.489728,0.482657,0.474181,0.464662,0.45389,0.443121,0.43356,0.425671,0.419972,0.416637,0.415743,0.416219,0.416077,0.412175,0.403531,0.393537,0.384537,0.378042,0.375285,0.376357,0.380041,0.384855,0.390541,0.397745,0.404471,0.407282,0.408433,0.41184,0.418679,0.426526,0.433541,0.441832,0.452171,0.460583,0.462724,0.465671,0.472574,0.481628,0.486763,0.488745,0.49102,0.493782,0.496674,0.500227
3069,0.502042,0.503618,0.503815,0.502594,0.500482,0.497256,0.492258,0.485496,0.476422,0.466642,0.456597,0.447213,0.437851,0.428748,0.419892,0.409952,0.399846,0.390966,0.383719,0.377898,0.370788,0.360926,0.35291,0.348383,0.346792,0.346839,0.347857,0.351443,0.357185,0.363863,0.369479,0.373912,0.379091,0.385304,0.392656,0.396811,0.395065,0.392448,0.392221,0.395002,0.397183,0.395919,0.39376,0.393795,0.397105,0.401479,0.402725,0.401768,0.401771,0.403172
3072,0.468574,0.476329,0.483154,0.487729,0.489889,0.489531,0.487157,0.483334,0.478429,0.47157,0.462845,0.453492,0.444997,0.438748,0.43432,0.430337,0.425019,0.418242,0.41156,0.406292,0.40268,0.399952,0.397948,0.398298,0.40072,0.404442,0.407971,0.410206,0.413868,0.419773,0.427146,0.433431,0.438234,0.443988,0.450851,0.457605,0.462421,0.466156,0.470676,0.47553,0.478884,0.480631,0.481905,0.482314,0.481697,0.480491,0.478502,0.476256,0.473845,0.470304
3075,0.566404,0.570278,0.574566,0.578045,0.578854,0.575633,0.569763,0.562622,0.554991,0.547161,0.539727,0.532003,0.52276,0.510493,0.494631,0.476739,0.45944,0.443794,0.430266,0.418202,0.406537,0.395414,0.386244,0.380513,0.379218,0.381998,0.387491,0.395642,0.406717,0.420619,0.436527,0.452486,0.466552,0.47832,0.488155,0.496449,0.503742,0.511033,0.519392,0.528694,0.537119,0.540729,0.540233,0.540191,0.54339,0.548718,0.551172,0.54539,0.534562,0.524322
3077,0.464893,0.469943,0.476355,0.482149,0.485577,0.487904,0.490135,0.491184,0.489241,0.483494,0.474116,0.462776,0.452205,0.44369,0.43583,0.427158,0.416984,0.405054,0.392073,0.378873,0.366777,0.356103,0.34719,0.341151,0.340895,0.346607,0.353368,0.357778,0.361159,0.365148,0.367698,0.367981,0.367887,0.368563,0.369534,0.372158,0.376562,0.381943,0.387207,0.392483,0.396134,0.394447,0.39061,0.386781,0.38574,0.388029,0.391201,0.39536,0.401446,0.409738
3089,0.452518,0.445474,0.438879,0.432725,0.428145,0.425126,0.423057,0.420375,0.41699,0.414971,0.414939,0.416689,0.419485,0.42212,0.424069,0.425103,0.425918,0.425513,0.424016,0.420049,0.41455,0.407821,0.400926,0.394998,0.39179,0.390547,0.392901,0.399744,0.40837,0.417573,0.42841,0.440738,0.454834,0.471798,0.490791,0.511498,0.532347,0.547403,0.558683,0.570658,0.583932,0.593761,0.594678,0.591562,0.588285,0.585217,0.576285,0.561211,0.54715,0.537124
3104,0.413898,0.41005,0.407424,0.405735,0.405696,0.407542,0.410954,0.414932,0.418917,0.422648,0.426208,0.429357,0.431522,0.43147,0.429102,0.423912,0.415825,0.404615,0.390809,0.376937,0.363496,0.352228,0.342694,0.334289,0.330987,0.33484,0.345609,0.362301,0.382931,0.406747,0.431548,0.456001,0.481205,0.507512,0.532366,0.549411,0.559149,0.567464,0.576446,0.581245,0.579356,0.577164,0.580028,0.588009,0.597625,0.604892,0.607237,0.602408,0.593231,0.582903
3105,0.445755,0.451562,0.457933,0.464038,0.470076,0.476618,0.483925,0.491332,0.497329,0.500125,0.499661,0.495668,0.488451,0.479261,0.468297,0.455138,0.440287,0.425414,0.41148,0.399499,0.389781,0.381875,0.375879,0.372013,0.3718,0.376496,0.385757,0.398768,0.414273,0.431397,0.448841,0.466519,0.485176,0.5044,0.523,0.540326,0.557865,0.575841,0.592539,0.606998,0.621469,0.638181,0.654655,0.666583,0.675909,0.687836,0.701919,0.7104,0.699858,0.67897
3111,0.517091,0.520966,0.52317,0.517435,0.508243,0.499575,0.492489,0.487124,0.484134,0.482918,0.480911,0.475373,0.467306,0.458492,0.449689,0.44033,0.430411,0.418329,0.40006,0.380073,0.36245,0.348902,0.339668,0.332547,0.328001,0.329964,0.339698,0.350758,0.358471,0.366372,0.377087,0.385894,0.391924,0.397807,0.405599,0.412593,0.417976,0.421751,0.422803,0.420843,0.417299,0.415278,0.415625,0.418627,0.421798,0.42504,0.428014,0.430718,0.42817,0.420327
4013,0.517003,0.51698,0.51755,0.517521,0.515905,0.512414,0.506127,0.4962,0.483239,0.469261,0.455769,0.443617,0.433412,0.426254,0.421185,0.416161,0.410955,0.405458,0.399539,0.393687,0.388592,0.38462,0.382468,0.380285,0.378782,0.379517,0.382758,0.387097,0.387416,0.383938,0.380604,0.380516,0.383468,0.388807,0.396919,0.407306,0.416093,0.421493,0.426768,0.432995,0.440079,0.44789,0.458824,0.47187,0.48332,0.487951,0.484963,0.480799,0.477287,0.472147
4014,0.504631,0.51522,0.524422,0.532946,0.54035,0.545673,0.548979,0.550147,0.548521,0.543461,0.533749,0.519803,0.505798,0.493673,0.482475,0.47059,0.458469,0.44805,0.4416,0.439643,0.439708,0.440318,0.441972,0.443507,0.443854,0.442699,0.441526,0.443675,0.451554,0.463661,0.476055,0.487237,0.498993,0.510776,0.521367,0.533318,0.547876,0.563553,0.578587,0.593722,0.60601,0.611937,0.611601,0.611341,0.613169,0.613148,0.607359,0.601421,0.600306,0.602749
4037,0.52802,0.526999,0.525305,0.525929,0.530224,0.537591,0.545604,0.550018,0.549854,0.545929,0.539151,0.53326,0.529826,0.528259,0.527929,0.527525,0.524504,0.518403,0.508644,0.494427,0.473344,0.446522,0.420649,0.404842,0.40145,0.40561,0.407872,0.408951,0.416947,0.433228,0.45111,0.463513,0.475588,0.489375,0.502088,0.501937,0.490181,0.477832,0.470076,0.466634,0.468855,0.476626,0.489163,0.505762,0.521306,0.518604,0.505105,0.493467,0.484484,0.475303
4053,0.358636,0.353418,0.347333,0.341807,0.337417,0.333906,0.332079,0.332819,0.33575,0.340535,0.346286,0.351758,0.355463,0.354275,0.348717,0.343204,0.339383,0.33722,0.336095,0.335072,0.33467,0.334548,0.333758,0.331646,0.329249,0.330208,0.338149,0.353793,0.376754,0.405113,0.434978,0.465098,0.494994,0.522138,0.544738,0.563134,0.579468,0.591692,0.596594,0.595942,0.593821,0.591261,0.587786,0.580838,0.571305,0.562615,0.55651,0.552208,0.546988,0.541685
4055,0.337842,0.334002,0.327376,0.322588,0.32096,0.320515,0.320686,0.320649,0.320759,0.320886,0.321049,0.318836,0.318188,0.317024,0.313869,0.302974,0.28776,0.269685,0.250276,0.232646,0.220606,0.213264,0.204628,0.194672,0.187604,0.187988,0.198963,0.219155,0.245624,0.274171,0.302594,0.326524,0.346047,0.364135,0.379364,0.393217,0.405708,0.418467,0.433863,0.449128,0.460403,0.473151,0.487172,0.501551,0.518671,0.538612,0.56293,0.589048,0.611847,0.620062
4056,0.469362,0.473886,0.47824,0.481829,0.484456,0.486161,0.485283,0.481358,0.475428,0.469723,0.465427,0.4617,0.45828,0.454945,0.45125,0.447084,0.4419,0.434925,0.425586,0.41416,0.402591,0.393438,0.38778,0.384723,0.3831,0.383801,0.388725,0.397616,0.408839,0.421516,0.43674,0.45382,0.47014,0.481926,0.490087,0.496257,0.501124,0.504338,0.505092,0.505136,0.506093,0.50896,0.51199,0.511115,0.508144,0.506833,0.509589,0.513763,0.511018,0.501661
4057,0.503996,0.504815,0.504058,0.502557,0.501122,0.499702,0.497919,0.495546,0.492536,0.488898,0.484371,0.478286,0.469853,0.45944,0.44769,0.43498,0.421558,0.407133,0.391305,0.375218,0.360405,0.347961,0.337481,0.327354,0.319164,0.31636,0.319956,0.32848,0.340942,0.358211,0.38008,0.402255,0.418418,0.432878,0.450043,0.467548,0.481388,0.495044,0.511877,0.530066,0.545267,0.555853,0.565782,0.577203,0.586464,0.592618,0.597171,0.602105,0.602105,0.602105
4066,NaN,NaN,NaN,NaN,NaN,NaN,NaN,NaN,NaN,NaN,NaN,NaN,NaN,NaN,NaN,NaN,NaN,NaN,NaN,NaN,NaN,NaN,NaN,NaN,NaN,NaN,NaN,NaN,NaN,NaN,NaN,NaN,NaN,NaN,NaN,NaN,NaN,NaN,NaN,NaN,NaN,NaN,NaN,NaN,NaN,NaN,NaN,NaN,NaN,NaN
4091,0.511912,0.505974,0.500738,0.496527,0.492924,0.487926,0.482245,0.477177,0.472663,0.468318,0.463788,0.458968,0.454448,0.451145,0.447702,0.441872,0.435365,0.427323,0.418913,0.411601,0.403958,0.398113,0.392919,0.388865,0.38769,0.389778,0.39545,0.406151,0.421767,0.438077,0.448978,0.457949,0.469969,0.484532,0.496622,0.503766,0.509475,0.514348,0.513277,0.501823,0.487513,0.47499,0.46621,0.463563,0.466276,0.4744,0.485977,0.495749,0.503202,0.511879
4098,0.455679,0.458821,0.462302,0.466392,0.470763,0.475925,0.481757,0.485899,0.488582,0.489707,0.490013,0.489686,0.487238,0.482716,0.476271,0.466863,0.456178,0.446308,0.438032,0.432128,0.427666,0.422152,0.414011,0.405218,0.397861,0.394171,0.395199,0.400709,0.409226,0.417931,0.425682,0.434923,0.446233,0.459953,0.476594,0.495799,0.516362,0.533272,0.542385,0.547837,0.554446,0.561403,0.56601,0.568062,0.570629,0.573679,0.575951,0.572386,0.562119,0.552822
4099,0.378725,0.380559,0.386539,0.396239,0.405355,0.412775,0.418032,0.419988,0.417566,0.413589,0.409727,0.40627,0.403371,0.400492,0.397997,0.396794,0.396885,0.397286,0.396374,0.391697,0.383373,0.374731,0.36798,0.36392,0.362458,0.362688,0.364174,0.366047,0.368788,0.372212,0.375934,0.382074,0.393227,0.408771,0.427006,0.444045,0.458662,0.474134,0.49277,0.511484,0.522148,0.525239,0.527888,0.531693,0.535462,0.533387,0.523856,0.512175,0.500851,0.49133
4105,0.386851,0.385583,0.386895,0.391229,0.398299,0.407464,0.417539,0.426775,0.433785,0.437523,0.439184,0.440618,0.442582,0.444715,0.446445,0.446429,0.444159,0.438686,0.430684,0.421561,0.412749,0.405273,0.400102,0.39819,0.400115,0.404813,0.41136,0.420102,0.431351,0.445041,0.460448,0.476026,0.489308,0.500838,0.512019,0.522138,0.526799,0.524253,0.520261,0.51722,0.515255,0.51479,0.517114,0.522445,0.53041,0.540218,0.548518,0.551875,0.551626,0.550121
4110,0.561703,0.559851,0.545248,0.519997,0.492733,0.468197,0.44965,0.437235,0.432357,0.435591,0.443675,0.449057,0.454368,0.460107,0.46191,0.454267,0.434129,0.409381,0.385027,0.362124,0.339478,0.31753,0.300629,0.292414,0.292172,0.298744,0.30861,0.321668,0.338802,0.359619,0.379469,0.393068,0.406926,0.421877,0.435844,0.444174,0.450534,0.456467,0.460709,0.461031,0.460931,0.461404,0.463185,0.467592,0.47391,0.48199,0.488971,0.49245,0.496931,0.502726
4127,0.540684,0.532733,0.524266,0.515403,0.508764,0.505481,0.50595,0.507974,0.507944,0.504439,0.498663,0.493157,0.487774,0.48105,0.471913,0.460376,0.445977,0.431348,0.417886,0.404214,0.390588,0.376493,0.360149,0.345484,0.337435,0.338115,0.346284,0.360966,0.38139,0.404512,0.426412,0.446242,0.466099,0.48541,0.502741,0.518123,0.535014,0.552457,0.567809,0.578807,0.590867,0.606337,0.623286,0.633676,0.633891,0.634551,0.637998,0.644783,0.65291,0.652217
4147,0.393125,0.402915,0.414355,0.426281,0.438465,0.451061,0.463361,0.472542,0.478815,0.483794,0.487794,0.490947,0.49249,0.491668,0.488651,0.483452,0.475794,0.465092,0.453632,0.443593,0.435769,0.430378,0.42713,0.428308,0.434171,0.442782,0.450735,0.459538,0.472671,0.488464,0.501904,0.509668,0.517777,0.530277,0.546039,0.557754,0.563623,0.57193,0.584492,0.598728,0.604215,0.594147,0.581184,0.572971,0.571493,0.575469,0.577547,0.574951,0.571305,0.569154
4152,0.420287,0.420798,0.417535,0.413273,0.409036,0.405101,0.401595,0.3979,0.392728,0.388282,0.386674,0.388077,0.391557,0.39361,0.392787,0.391708,0.391074,0.389258,0.383611,0.373395,0.362606,0.354072,0.347443,0.341747,0.337748,0.338108,0.342628,0.348656,0.353678,0.360534,0.370947,0.382456,0.390016,0.395689,0.403026,0.40862,0.407103,0.401734,0.397099,0.3959,0.397256,0.399585,0.401891,0.403856,0.406182,0.40957,0.41557,0.423969,0.432636,0.441747
4156,0.489497,0.482581,0.476768,0.472343,0.469599,0.466081,0.461176,0.456898,0.453489,0.450756,0.447409,0.43995,0.426626,0.413532,0.404705,0.399318,0.396019,0.390908,0.383246,0.376848,0.372162,0.369337,0.364783,0.357714,0.353092,0.355305,0.362958,0.370831,0.380859,0.395433,0.4136,0.43211,0.449166,0.466617,0.485316,0.504553,0.519616,0.529445,0.538544,0.546908,0.553179,0.555053,0.550709,0.544225,0.541527,0.543923,0.549823,0.554035,0.555584,0.557469
4173,0.460617,0.470312,0.480421,0.488776,0.493637,0.496347,0.496303,0.49519,0.494343,0.49396,0.49324,0.493062,0.494751,0.498249,0.502401,0.503515,0.494115,0.477501,0.459601,0.442607,0.427215,0.413317,0.399733,0.390121,0.387372,0.390327,0.394171,0.397572,0.403748,0.415181,0.430374,0.445907,0.459437,0.473481,0.490129,0.509419,0.528691,0.544348,0.557608,0.571695,0.58294,0.58436,0.573905,0.558485,0.54411,0.529138,0.509187,0.484138,0.449454,0.410084
4197,0.48666,0.484275,0.481256,0.477389,0.473726,0.471472,0.470685,0.470633,0.469926,0.468362,0.466908,0.465717,0.464985,0.464009,0.462394,0.459922,0.457529,0.455059,0.453005,0.450678,0.447384,0.443361,0.43893,0.434174,0.429831,0.428353,0.431484,0.439143,0.448843,0.458874,0.46903,0.477883,0.484037,0.490372,0.498561,0.506532,0.509583,0.50906,0.508921,0.510711,0.511253,0.509004,0.506835,0.506175,0.506992,0.505025,0.499694,0.494321,0.491106,0.491106
4501,0.484214,0.486237,0.486833,0.487331,0.489244,0.491477,0.492115,0.490917,0.490138,0.490472,0.489862,0.486962,0.482155,0.476038,0.469512,0.463529,0.45899,0.456774,0.457253,0.458313,0.456149,0.450607,0.444641,0.440911,0.440845,0.444847,0.452908,0.463598,0.476259,0.4895,0.49894,0.502855,0.50574,0.509176,0.512974,0.515994,0.520823,0.529945,0.541393,0.54982,0.554755,0.561858,0.571984,0.582034,0.590528,0.599676,0.61015,0.618678,0.620991,0.616542
4521,0.481942,0.480297,0.478138,0.476805,0.476666,0.475882,0.473489,0.469662,0.46667,0.465271,0.464263,0.462888,0.460699,0.45833,0.455834,0.45196,0.44644,0.438585,0.429347,0.41879,0.406488,0.393888,0.381616,0.371728,0.366297,0.366599,0.372104,0.38216,0.394539,0.405362,0.414125,0.422011,0.427069,0.428165,0.425299,0.419785,0.413766,0.407181,0.400181,0.394305,0.390878,0.390466,0.392638,0.396349,0.401341,0.406692,0.411834,0.416744,0.42085,0.422632
4528,0.489843,0.490246,0.490811,0.490984,0.490959,0.490286,0.488376,0.483811,0.4765,0.467528,0.456972,0.445312,0.433299,0.421804,0.412028,0.404891,0.399756,0.39561,0.392156,0.388958,0.38678,0.385375,0.382744,0.379261,0.376869,0.376909,0.379003,0.38257,0.388865,0.401201,0.42054,0.443775,0.465641,0.485604,0.50791,0.53358,0.559334,0.581306,0.600428,0.618259,0.633232,0.64117,0.640869,0.639347,0.641561,0.647524,0.654255,0.658238,0.661341,0.662206
4543,0.484166,0.487874,0.491767,0.495503,0.500093,0.504955,0.509326,0.511842,0.509897,0.504047,0.496517,0.488981,0.481353,0.473104,0.463884,0.451983,0.436926,0.42162,0.407488,0.394888,0.383763,0.369607,0.354873,0.346562,0.34564,0.349579,0.352748,0.356485,0.364343,0.375208,0.383768,0.390023,0.401276,0.418392,0.438326,0.456194,0.475363,0.497626,0.521887,0.541434,0.552314,0.561911,0.571683,0.581502,0.586453,0.583835,0.57891,0.572248,0.564575,0.55561
4546,0.476495,0.485046,0.493897,0.503672,0.512515,0.511225,0.50472,0.497222,0.489234,0.481852,0.474929,0.465319,0.459583,0.4578,0.456409,0.449788,0.424606,0.39152,0.36232,0.339281,0.316522,0.286548,0.262145,0.247748,0.247052,0.262879,0.292591,0.333039,0.376605,0.408473,0.438384,0.470082,0.502294,0.52333,0.533876,0.548227,0.569323,0.592909,0.605006,0.61287,0.626509,0.646584,0.664254,0.660349,0.645455,0.637147,0.638605,0.646558,0.652136,0.644369
4551,0.436908,0.430582,0.426593,0.428419,0.436425,0.447834,0.45806,0.462793,0.46325,0.463689,0.462051,0.456421,0.448014,0.437984,0.425781,0.409819,0.390578,0.371357,0.351453,0.330541,0.309342,0.285518,0.261899,0.246207,0.239314,0.242997,0.253405,0.269859,0.292947,0.319863,0.337667,0.352166,0.369443,0.386934,0.392719,0.396821,0.40662,0.419198,0.424882,0.428756,0.43774,0.448818,0.455344,0.458084,0.458396,0.454459,0.442957,0.429421,0.420903,0.418035
4565,0.511933,0.504361,0.499149,0.494651,0.489924,0.485017,0.47506,0.465649,0.459891,0.456193,0.4516,0.443571,0.436658,0.432826,0.430106,0.426388,0.42492,0.42711,0.429909,0.430019,0.428371,0.427958,0.42777,0.424942,0.420363,0.420773,0.429672,0.443625,0.450504,0.452906,0.457571,0.461202,0.45944,0.462607,0.475686,0.4883,0.490331,0.486933,0.479025,0.464572,0.449517,0.441342,0.442408,0.449282,0.455337,0.46041,0.467033,0.476011,0.485354,0.492348
4570,0.511659,0.515854,0.51913,0.521139,0.520406,0.517782,0.514691,0.510897,0.505372,0.497634,0.488019,0.475447,0.458691,0.4393,0.418567,0.397311,0.37663,0.35759,0.339399,0.322047,0.306487,0.293733,0.284659,0.279017,0.276511,0.278909,0.286382,0.298092,0.310813,0.321317,0.330139,0.33984,0.350435,0.35966,0.367089,0.375589,0.386785,0.39985,0.411062,0.416436,0.420063,0.425162,0.432082,0.439432,0.443159,0.44267,0.44169,0.442959,0.445987,0.449292
4575,0.554594,0.568186,0.575588,0.579092,0.58235,0.584907,0.585308,0.582796,0.576088,0.564258,0.547555,0.530651,0.516611,0.50455,0.492852,0.481,0.468234,0.453995,0.433116,0.402996,0.372082,0.345814,0.32636,0.314414,0.307156,0.303042,0.306064,0.320001,0.341394,0.367324,0.396904,0.432314,0.47494,0.52128,0.558275,0.572349,0.569334,0.569334,0.569334,0.569334,0.569334,0.569334,0.569334,0.569334,0.569334,0.569334,0.569334,0.569334,0.569334,0.569334
4581,0.517062,0.511885,0.513143,0.521452,0.534655,0.550151,0.559422,0.563844,0.567513,0.571733,0.575104,0.574096,0.561856,0.545535,0.530564,0.518497,0.509395,0.498813,0.478049,0.449347,0.41768,0.384313,0.353099,0.324889,0.300627,0.288602,0.293428,0.311695,0.33407,0.358011,0.385085,0.413654,0.436763,0.452959,0.470955,0.491751,0.511226,0.51949,0.523283,0.529933,0.53976,0.546704,0.549345,0.557962,0.575927,0.599774,0.611009,0.604367,0.604367,0.604367
4585,0.484921,0.488065,0.492924,0.50094,0.512098,0.524574,0.536273,0.545104,0.552424,0.559185,0.561813,0.559437,0.552457,0.543033,0.533724,0.524757,0.516469,0.507995,0.498727,0.488247,0.477373,0.467296,0.460312,0.458294,0.46118,0.468336,0.480207,0.494453,0.507521,0.516239,0.522854,0.531836,0.542978,0.553335,0.560651,0.565386,0.565523,0.558829,0.544122,0.525919,0.508223,0.490598,0.473041,0.457288,0.444257,0.43289,0.421896,0.414326,0.412503,0.414145
4597,0.546006,0.537416,0.526725,0.515146,0.503257,0.491926,0.481292,0.47156,0.462666,0.45266,0.439729,0.425178,0.410472,0.397498,0.387959,0.382646,0.379464,0.377152,0.376909,0.378783,0.38039,0.379456,0.373858,0.367318,0.365416,0.370724,0.382207,0.396489,0.412361,0.430449,0.451161,0.472354,0.489565,0.504713,0.521745,0.540226,0.554533,0.556885,0.553692,0.552379,0.553474,0.555618,0.553979,0.546993,0.539147,0.532213,0.523697,0.509767,0.495943,0.486869
4613,0.459815,0.465569,0.472337,0.479813,0.488281,0.496156,0.502355,0.506138,0.508864,0.511669,0.514849,0.515568,0.51196,0.502996,0.487996,0.46884,0.448235,0.42781,0.410153,0.395813,0.38446,0.374259,0.363591,0.355265,0.351235,0.351631,0.354449,0.35672,0.359694,0.366526,0.376716,0.388036,0.398659,0.410321,0.425148,0.441619,0.454189,0.461559,0.469342,0.480284,0.492631,0.49862,0.496214,0.492524,0.491322,0.492716,0.496141,0.498082,0.496305,0.494499
4627,0.530091,0.536605,0.542569,0.548276,0.554899,0.561181,0.564754,0.563123,0.556785,0.546732,0.533711,0.517275,0.497666,0.476916,0.45668,0.436753,0.415487,0.39398,0.374121,0.358373,0.347714,0.340428,0.333008,0.325671,0.321604,0.321608,0.32286,0.324849,0.330884,0.340714,0.351021,0.359224,0.367553,0.377897,0.389394,0.400575,0.413016,0.427714,0.443177,0.455604,0.465189,0.475048,0.485605,0.492658,0.49237,0.490266,0.490035,0.490765,0.487149,0.478167
4630,0.352719,0.357007,0.359484,0.360427,0.359373,0.356686,0.353782,0.351396,0.349665,0.349429,0.350963,0.35338,0.35492,0.353361,0.349083,0.343774,0.338387,0.333245,0.328894,0.325888,0.323873,0.322028,0.318539,0.312403,0.306681,0.303729,0.304448,0.309136,0.316766,0.326918,0.339395,0.352843,0.364521,0.374313,0.38465,0.396514,0.40885,0.415099,0.414348,0.411538,0.408326,0.404278,0.398904,0.392022,0.384682,0.377644,0.371383,0.36509,0.356917,0.348607
4660,0.375193,0.37424,0.378728,0.388191,0.401007,0.415966,0.430624,0.442887,0.452296,0.459818,0.465341,0.468591,0.469558,0.468088,0.463723,0.456607,0.447291,0.435783,0.422973,0.41111,0.401616,0.395286,0.392298,0.390171,0.388703,0.387861,0.388212,0.390123,0.3931,0.397069,0.402119,0.40937,0.419164,0.430564,0.443278,0.457266,0.472315,0.487099,0.500351,0.51324,0.528516,0.545879,0.559993,0.569116,0.577697,0.588861,0.600643,0.606649,0.604737,0.600757
4676,0.509986,0.501711,0.495277,0.490509,0.48655,0.481869,0.476671,0.471914,0.467165,0.462947,0.460345,0.458964,0.456737,0.452532,0.446454,0.439987,0.434595,0.429385,0.420124,0.406812,0.394286,0.384674,0.378158,0.374867,0.374836,0.379188,0.389432,0.404946,0.422618,0.439489,0.458341,0.479858,0.502991,0.524222,0.541744,0.559753,0.579304,0.599452,0.614168,0.620407,0.625499,0.632267,0.641349,0.649803,0.652957,0.652877,0.652864,0.654883,0.658493,0.660404
4687,0.545367,0.545059,0.544083,0.542857,0.541686,0.540255,0.537687,0.534613,0.532421,0.530571,0.528021,0.523223,0.51238,0.495863,0.478515,0.461296,0.445325,0.430347,0.414492,0.399429,0.385617,0.373196,0.362813,0.356419,0.354205,0.35686,0.36291,0.364317,0.360798,0.358851,0.359223,0.359552,0.36102,0.368326,0.380308,0.386674,0.386689,0.392822,0.407506,0.424543,0.438082,0.449944,0.46022,0.467267,0.470439,0.474034,0.47731,0.476372,0.473616,0.474529
4738,0.504582,0.506249,0.507708,0.509235,0.50896,0.504702,0.498501,0.49214,0.485379,0.477573,0.469963,0.46406,0.457401,0.450093,0.441948,0.433829,0.426002,0.418288,0.407326,0.394993,0.383035,0.372393,0.363475,0.355974,0.352359,0.354397,0.362721,0.376299,0.393218,0.413001,0.433809,0.454086,0.469185,0.480372,0.490734,0.501345,0.511053,0.517943,0.522949,0.52843,0.535701,0.545385,0.553685,0.558186,0.561935,0.566817,0.570293,0.569319,0.563544,0.557163
4743,0.43512,0.431279,0.42883,0.429232,0.431283,0.433003,0.432148,0.428831,0.422644,0.41528,0.40791,0.4021,0.399127,0.397257,0.396397,0.394989,0.391821,0.388924,0.383979,0.378761,0.374771,0.37265,0.372491,0.376032,0.383003,0.392017,0.402043,0.413387,0.425923,0.439763,0.453511,0.464697,0.475034,0.487435,0.500315,0.511488,0.52285,0.535122,0.544585,0.545917,0.541735,0.536274,0.532499,0.525825,0.512781,0.498764,0.488152,0.481608,0.475185,0.466676
4767,0.451194,0.456857,0.462516,0.466666,0.46941,0.471438,0.472228,0.471885,0.471203,0.470888,0.470763,0.470343,0.469707,0.467705,0.463934,0.457801,0.450024,0.441695,0.433304,0.423914,0.412932,0.400956,0.389365,0.37957,0.37427,0.375766,0.383973,0.395581,0.405122,0.409771,0.413327,0.415901,0.41284,0.408059,0.407439,0.411605,0.418049,0.423086,0.427741,0.434832,0.443803,0.449417,0.451808,0.457081,0.465239,0.468186,0.466149,0.465621,0.467378,0.465142
4828,0.460377,0.45051,0.442356,0.436888,0.432226,0.426489,0.419201,0.411499,0.404622,0.399499,0.395913,0.393052,0.390681,0.390741,0.394184,0.400625,0.407759,0.411515,0.408565,0.400495,0.389938,0.378855,0.369757,0.364029,0.36399,0.37299,0.390171,0.411353,0.429709,0.442532,0.453873,0.463284,0.469129,0.467753,0.459053,0.44957,0.442411,0.437168,0.43093,0.423503,0.418095,0.416857,0.419864,0.427377,0.43825,0.449487,0.459041,0.466846,0.471491,0.471668
4835,0.430184,0.429893,0.429026,0.428403,0.428086,0.427943,0.427821,0.426977,0.424793,0.421965,0.419299,0.417806,0.418408,0.421304,0.424808,0.427012,0.427961,0.427698,0.426538,0.424596,0.421871,0.419692,0.419179,0.421038,0.424873,0.430342,0.437144,0.445398,0.454267,0.462585,0.469859,0.475444,0.480707,0.487661,0.496386,0.506789,0.518771,0.531512,0.544512,0.556458,0.565925,0.574251,0.582195,0.58797,0.588693,0.585122,0.580514,0.575374,0.568624,0.559389
5013,0.456337,0.465175,0.472788,0.479305,0.485435,0.491158,0.495988,0.499852,0.502721,0.503539,0.502145,0.497817,0.490306,0.481158,0.471568,0.462334,0.453877,0.446465,0.438901,0.431652,0.424887,0.41843,0.41136,0.405853,0.40335,0.40463,0.408555,0.413981,0.422936,0.436874,0.45514,0.472284,0.480531,0.484371,0.488248,0.493089,0.499296,0.507082,0.516422,0.527148,0.538465,0.547357,0.554572,0.563611,0.575483,0.586538,0.590097,0.585797,0.581288,0.579309
5023,0.394767,0.37664,0.361121,0.349842,0.34098,0.334226,0.329838,0.328255,0.328575,0.3287,0.328121,0.326188,0.321841,0.316265,0.311914,0.309843,0.30935,0.308968,0.309152,0.309695,0.310291,0.308121,0.303823,0.300653,0.299787,0.301342,0.302882,0.301868,0.301658,0.303901,0.309514,0.318513,0.328622,0.339116,0.351998,0.367667,0.386374,0.407494,0.432383,0.459967,0.488398,0.512919,0.534358,0.554459,0.571766,0.584362,0.591591,0.597106,0.601281,0.603726
5028,0.432219,0.431057,0.430248,0.429693,0.429504,0.430178,0.432101,0.435414,0.439629,0.444422,0.44927,0.453936,0.457885,0.460936,0.462824,0.463813,0.464238,0.46294,0.459644,0.45554,0.451204,0.447894,0.446225,0.444095,0.441956,0.441649,0.443868,0.447387,0.448545,0.446287,0.443455,0.442655,0.4428,0.44262,0.442966,0.445404,0.451434,0.46263,0.479299,0.500029,0.523093,0.545714,0.563983,0.579051,0.593884,0.609175,0.622191,0.627625,0.627573,0.628294
5039,0.517645,0.517282,0.518554,0.520001,0.520421,0.519938,0.519418,0.518296,0.515773,0.51183,0.507783,0.503789,0.499215,0.493399,0.48641,0.478567,0.470653,0.463197,0.45523,0.446139,0.43639,0.427182,0.419603,0.414331,0.411755,0.411939,0.415327,0.421267,0.42733,0.433963,0.441729,0.450356,0.458473,0.463157,0.464528,0.465189,0.466545,0.467984,0.46741,0.465366,0.463872,0.463194,0.46269,0.462388,0.463605,0.467121,0.472964,0.480879,0.490536,0.501607
5062,0.367119,0.385564,0.403875,0.420119,0.4327,0.442241,0.449941,0.456448,0.461869,0.46517,0.46483,0.461263,0.455517,0.446784,0.434163,0.418511,0.401708,0.385306,0.369908,0.355413,0.341744,0.330454,0.322862,0.319359,0.319709,0.323786,0.330872,0.34023,0.353435,0.369799,0.387359,0.406896,0.429597,0.455633,0.483073,0.510511,0.538794,0.568893,0.59756,0.615795,0.623001,0.629064,0.639451,0.651872,0.656479,0.650591,0.642716,0.636999,0.633406,0.624599
5074,0.50374,0.51862,0.531613,0.545803,0.560731,0.573087,0.58294,0.591769,0.598646,0.598613,0.593273,0.58683,0.57805,0.564589,0.551319,0.540533,0.528153,0.506415,0.483901,0.46387,0.443103,0.415607,0.383963,0.357123,0.338104,0.330047,0.335591,0.350608,0.370108,0.3933,0.420225,0.449151,0.47615,0.498596,0.515561,0.528815,0.539285,0.542914,0.540555,0.535421,0.529528,0.529528,0.529528,0.529528,0.529528,0.529528,0.529528,0.529528,0.529528,0.529528
5079,0.416759,0.417338,0.420449,0.425618,0.431403,0.436734,0.441415,0.445281,0.448186,0.450133,0.449463,0.446192,0.44135,0.435353,0.428743,0.421774,0.414493,0.407281,0.399779,0.391885,0.38362,0.374826,0.365847,0.358102,0.353507,0.353889,0.359358,0.368865,0.38165,0.397269,0.414911,0.433694,0.448525,0.457371,0.46777,0.481581,0.496747,0.511253,0.528228,0.549069,0.57116,0.586208,0.59953,0.615578,0.632453,0.64198,0.634188,0.62399,0.619013,0.619219
5082,0.537081,0.529678,0.520109,0.508794,0.496992,0.486114,0.477037,0.469676,0.463175,0.456471,0.449097,0.441063,0.432551,0.424603,0.417378,0.410142,0.401565,0.391325,0.379458,0.367205,0.356582,0.348207,0.341621,0.336852,0.336086,0.339926,0.347262,0.357668,0.371138,0.386862,0.40279,0.419474,0.438215,0.458151,0.477098,0.493703,0.509393,0.524904,0.539304,0.551632,0.56332,0.575877,0.588613,0.59623,0.596731,0.595202,0.594133,0.590839,0.5788,0.562507
5110,0.46402,0.457102,0.44889,0.441592,0.437118,0.435877,0.436685,0.438324,0.440401,0.442515,0.444088,0.443628,0.44349,0.445869,0.450335,0.453261,0.451813,0.448721,0.446146,0.443754,0.438959,0.432406,0.427183,0.424822,0.424259,0.423857,0.425095,0.428741,0.433012,0.43623,0.437896,0.438972,0.441003,0.443031,0.444388,0.447127,0.449121,0.449432,0.447817,0.44612,0.448618,0.45656,0.45656,0.45656,0.45656,0.45656,0.45656,0.45656,0.45656,0.45656
5115,0.553784,0.561329,0.562898,0.563068,0.563787,0.564743,0.563222,0.55478,0.540904,0.525168,0.509735,0.496016,0.480824,0.459908,0.436166,0.414245,0.395604,0.379843,0.366307,0.353919,0.342697,0.333068,0.325262,0.319312,0.315954,0.316398,0.321714,0.331556,0.345234,0.363371,0.385794,0.412211,0.440262,0.468208,0.495702,0.523139,0.550051,0.572883,0.58974,0.601849,0.616554,0.63425,0.650629,0.664049,0.675487,0.687534,0.698057,0.700062,0.691022,0.680519
5133,0.298538,0.304267,0.312284,0.323073,0.337253,0.35565,0.377944,0.400568,0.418805,0.429257,0.42994,0.420793,0.409047,0.399977,0.393404,0.38953,0.387503,0.385396,0.379503,0.368843,0.348986,0.321893,0.297861,0.281589,0.275923,0.278777,0.285186,0.292955,0.301674,0.310982,0.319656,0.32617,0.334698,0.34938,0.367364,0.386202,0.405313,0.420783,0.432513,0.44413,0.459089,0.477161,0.497872,0.523757,0.551914,0.572999,0.577014,0.569392,0.559177,0.548704
5136,0.452436,0.446976,0.443743,0.442974,0.443118,0.43916,0.431374,0.422016,0.411868,0.402029,0.392637,0.382814,0.369163,0.351996,0.33497,0.319176,0.307443,0.300226,0.293319,0.283581,0.273744,0.264963,0.258308,0.254492,0.253469,0.255802,0.262307,0.27361,0.28895,0.304624,0.321159,0.339876,0.356697,0.364395,0.368455,0.373205,0.378516,0.386296,0.397487,0.412759,0.428858,0.442053,0.45557,0.470637,0.485424,0.489265,0.481187,0.468219,0.456896,0.450857
5140,0.510328,0.507421,0.505857,0.503889,0.500818,0.496208,0.490341,0.483256,0.474875,0.464849,0.452967,0.43952,0.425484,0.411493,0.398276,0.384909,0.369475,0.352656,0.335709,0.317587,0.298281,0.277583,0.256724,0.240536,0.235395,0.243806,0.262254,0.285431,0.314163,0.34812,0.383355,0.412862,0.435732,0.459404,0.484606,0.507913,0.51846,0.519623,0.522123,0.52707,0.533277,0.53703,0.537741,0.538034,0.539298,0.541534,0.543969,0.546273,0.5507,0.559066
5145,0.289607,0.28334,0.281777,0.28545,0.293399,0.302549,0.312181,0.325241,0.341727,0.360432,0.37833,0.396989,0.416612,0.434675,0.447256,0.452467,0.453292,0.450554,0.44583,0.441293,0.437883,0.434958,0.432223,0.430674,0.431927,0.435766,0.440915,0.446795,0.453261,0.459813,0.466177,0.471226,0.473561,0.471249,0.466299,0.461954,0.45964,0.45837,0.456807,0.455703,0.456415,0.45764,0.456811,0.45498,0.456121,0.461061,0.464735,0.462871,0.461105,0.463742
5153,0.23864,0.238183,0.234369,0.228121,0.22293,0.217712,0.216016,0.213547,0.211101,0.207833,0.205115,0.204915,0.204639,0.202557,0.198452,0.197168,0.192208,0.184252,0.175982,0.164127,0.149386,0.136066,0.126502,0.122269,0.122074,0.128672,0.14412,0.169608,0.197756,0.223825,0.243237,0.258715,0.276751,0.29106,0.291225,0.274159,0.264669,0.272277,0.281146,0.285763,0.298908,0.317916,0.33366,0.34978,0.37317,0.395942,0.389435,0.37397,0.375292,0.378691
5157,0.441798,0.453149,0.464074,0.474249,0.483565,0.492416,0.500853,0.508636,0.513743,0.515916,0.516129,0.515909,0.517016,0.518888,0.519369,0.517708,0.512725,0.502676,0.485451,0.457507,0.421483,0.38497,0.355845,0.338776,0.331336,0.331703,0.342991,0.363972,0.387902,0.412406,0.433312,0.449892,0.463202,0.475873,0.488684,0.499934,0.504912,0.503122,0.499489,0.490577,0.477175,0.464436,0.458047,0.456308,0.458304,0.465565,0.475107,0.48218,0.485097,0.482255
5160,0.517581,0.523912,0.529321,0.530607,0.527634,0.521744,0.514381,0.506724,0.498127,0.4877,0.475848,0.463924,0.452754,0.44176,0.430792,0.41899,0.407892,0.398827,0.392259,0.38674,0.381674,0.37906,0.377615,0.376043,0.374055,0.375207,0.379597,0.385195,0.389765,0.394796,0.401666,0.410914,0.422568,0.4365,0.452277,0.466965,0.478107,0.486321,0.493318,0.49827,0.498864,0.495145,0.489459,0.484453,0.481189,0.481031,0.483654,0.485246,0.483408,0.476734
5166,0.361301,0.364071,0.367915,0.372024,0.375371,0.377751,0.379976,0.382963,0.387243,0.392973,0.398902,0.40386,0.406712,0.406335,0.401098,0.391369,0.378688,0.366628,0.357506,0.350969,0.344436,0.336847,0.329484,0.32349,0.322295,0.326443,0.333561,0.339837,0.342221,0.343387,0.34611,0.350571,0.355538,0.36213,0.370425,0.373618,0.363732,0.351314,0.341876,0.338165,0.342279,0.352435,0.366442,0.382755,0.39882,0.411396,0.421145,0.429638,0.439718,0.451672
5168,0.431649,0.425467,0.420352,0.415412,0.410985,0.407615,0.405153,0.403055,0.400692,0.398254,0.39646,0.395566,0.395244,0.394178,0.391702,0.388373,0.384325,0.378498,0.369972,0.35969,0.349061,0.339096,0.331117,0.326153,0.323905,0.324375,0.326674,0.330019,0.334369,0.340436,0.347985,0.356177,0.36421,0.37192,0.378867,0.384829,0.388954,0.39128,0.392615,0.394106,0.395833,0.396799,0.396933,0.396524,0.395848,0.395203,0.395488,0.397185,0.401003,0.4066
5173,0.510101,0.505003,0.501444,0.499818,0.499627,0.499667,0.498395,0.496236,0.493863,0.490814,0.487238,0.482988,0.478785,0.474654,0.469844,0.46433,0.457708,0.451627,0.446627,0.442173,0.43866,0.434658,0.429257,0.424455,0.423701,0.429142,0.439595,0.451896,0.465898,0.482782,0.501365,0.51999,0.538896,0.557323,0.57298,0.5814,0.584903,0.589345,0.594868,0.595668,0.584817,0.568179,0.551691,0.536734,0.52315,0.510488,0.497559,0.485043,0.475426,0.468938
5185,0.37624,0.371565,0.370545,0.372464,0.376453,0.381439,0.387371,0.394391,0.402478,0.411579,0.420529,0.428738,0.435829,0.441296,0.444083,0.444621,0.44333,0.439764,0.433388,0.423598,0.411899,0.400149,0.390243,0.383704,0.379705,0.377744,0.378519,0.381805,0.387355,0.394371,0.400728,0.405562,0.409399,0.412693,0.416137,0.421004,0.429564,0.443581,0.462524,0.482228,0.495535,0.504968,0.515261,0.525193,0.528454,0.523251,0.517667,0.515536,0.513591,0.509067
5188,NaN,NaN,NaN,NaN,NaN,NaN,NaN,NaN,NaN,NaN,NaN,NaN,NaN,NaN,NaN,NaN,NaN,NaN,NaN,NaN,NaN,NaN,NaN,NaN,NaN,NaN,NaN,NaN,NaN,NaN,NaN,NaN,NaN,NaN,NaN,NaN,NaN,NaN,NaN,NaN,NaN,NaN,NaN,NaN,NaN,NaN,NaN,NaN,NaN,NaN
5197,0.416452,0.423693,0.429212,0.434084,0.438459,0.443425,0.4481,0.452237,0.457119,0.461481,0.462912,0.465348,0.468361,0.472303,0.478509,0.48294,0.477698,0.465929,0.450894,0.432689,0.413387,0.395653,0.378962,0.36754,0.364513,0.366169,0.369152,0.37156,0.37893,0.390471,0.404189,0.418984,0.434419,0.449733,0.462142,0.473653,0.482571,0.484298,0.479566,0.471116,0.45879,0.442851,0.427188,0.413455,0.400457,0.390171,0.385236,0.385408,0.387636,0.39282
5202,0.438118,0.433998,0.429555,0.425153,0.420866,0.416451,0.411968,0.407842,0.404539,0.401942,0.399845,0.398202,0.397424,0.398003,0.398897,0.399498,0.399566,0.39907,0.398821,0.39927,0.400052,0.40033,0.398985,0.397343,0.397477,0.399803,0.404673,0.410551,0.416651,0.423987,0.433334,0.442808,0.449085,0.45158,0.452775,0.453311,0.452399,0.449392,0.444456,0.438979,0.433504,0.427602,0.421663,0.416533,0.412364,0.41013,0.41049,0.413797,0.419552,0.426215
5206,0.556205,0.557487,0.558219,0.557948,0.554205,0.545216,0.53256,0.517791,0.502531,0.48827,0.475048,0.46183,0.449989,0.440637,0.433507,0.427014,0.41845,0.409745,0.40252,0.396081,0.387119,0.377173,0.370245,0.366463,0.365609,0.366837,0.370123,0.37447,0.377818,0.379548,0.380947,0.381806,0.379788,0.37525,0.370125,0.367161,0.369024,0.37868,0.395171,0.415137,0.435639,0.455694,0.470719,0.479788,0.486197,0.491201,0.493986,0.497385,0.503728,0.512761
5243,0.47516,0.48023,0.483728,0.486334,0.48777,0.48699,0.483949,0.479956,0.475083,0.468358,0.457348,0.441264,0.422112,0.403011,0.386191,0.372866,0.362748,0.352977,0.335319,0.312447,0.291429,0.274756,0.263645,0.254525,0.248396,0.251882,0.266065,0.286488,0.307095,0.330358,0.359028,0.390788,0.419087,0.446517,0.478614,0.51347,0.537175,0.545967,0.552828,0.562906,0.574498,0.582002,0.588865,0.602045,0.619358,0.633814,0.631667,0.616903,0.603768,0.596674
5261,0.550082,0.549825,0.550579,0.550961,0.549663,0.546467,0.54156,0.534519,0.524676,0.513738,0.502874,0.492087,0.481143,0.468037,0.451489,0.432659,0.413072,0.393996,0.376102,0.35894,0.342401,0.328291,0.318421,0.313497,0.312825,0.314235,0.316547,0.319793,0.324674,0.331271,0.340017,0.351367,0.365933,0.382929,0.400793,0.420652,0.443968,0.470428,0.498271,0.52531,0.548553,0.567453,0.584876,0.602549,0.619973,0.636461,0.650734,0.66357,0.676518,0.688022
5265,0.495835,0.497079,0.498667,0.500402,0.501442,0.501387,0.500391,0.498515,0.496565,0.494343,0.491137,0.48631,0.47952,0.47064,0.459609,0.446307,0.429253,0.408532,0.386011,0.361865,0.337737,0.3169,0.301956,0.293376,0.290615,0.293128,0.301076,0.314452,0.331596,0.350538,0.370024,0.390062,0.410774,0.429643,0.44145,0.445701,0.446413,0.446574,0.446688,0.442645,0.432069,0.418788,0.405347,0.393191,0.382697,0.37336,0.365313,0.359004,0.355178,0.355058
5285,0.45414,0.464628,0.474209,0.48019,0.482261,0.481697,0.479854,0.47839,0.478323,0.479109,0.478006,0.47324,0.464484,0.451552,0.435221,0.416586,0.396567,0.376642,0.358124,0.340872,0.32424,0.309796,0.298783,0.2949,0.294303,0.295556,0.303728,0.318733,0.331914,0.337318,0.346419,0.360518,0.376347,0.391121,0.407147,0.423764,0.441463,0.461004,0.480325,0.498471,0.51318,0.521945,0.527889,0.533153,0.53692,0.532998,0.525113,0.520947,0.520245,0.518617
5290,0.444097,0.450337,0.454268,0.456994,0.460189,0.463844,0.466796,0.467542,0.466215,0.464402,0.462903,0.461441,0.459428,0.456378,0.452421,0.447824,0.442579,0.436948,0.430071,0.422172,0.414704,0.408064,0.402961,0.400132,0.399575,0.401661,0.406307,0.413279,0.422542,0.433846,0.446536,0.458545,0.468116,0.476262,0.483993,0.492146,0.500481,0.509047,0.518089,0.526708,0.534483,0.542017,0.549168,0.554915,0.559275,0.562448,0.563574,0.562626,0.560036,0.557558
5313,0.518712,0.518876,0.51935,0.518528,0.509278,0.495716,0.484077,0.474431,0.46643,0.459033,0.450566,0.436385,0.416962,0.397962,0.38038,0.364149,0.34863,0.330222,0.310596,0.293901,0.281731,0.273592,0.266336,0.25804,0.253097,0.256044,0.265796,0.276313,0.285898,0.299438,0.317816,0.338999,0.356679,0.372643,0.390905,0.411689,0.430393,0.442595,0.455344,0.473315,0.495932,0.516962,0.528586,0.534316,0.535331,0.532843,0.521593,0.502905,0.485322,0.471281
5338,0.247153,0.269833,0.280441,0.305068,0.315091,0.268667,0.235887,0.20588,0.204119,0.199457,0.195512,0.18612,0.185682,0.191974,0.196496,0.202469,0.202507,0.199931,0.191346,0.176074,0.164042,0.156995,0.146869,0.140288,0.138373,0.139015,0.142084,0.146431,0.150551,0.157136,0.168302,0.180616,0.187762,0.183698,0.190919,0.184625,0.1893,0.200601,0.221959,0.242389,0.273739,0.294567,0.312684,0.3274,0.347403,0.34596,0.336924,0.331168,0.320394,0.303082
5340,0.586742,0.586562,0.585234,0.583239,0.579593,0.57312,0.563724,0.551205,0.535322,0.516876,0.496816,0.476316,0.456229,0.437786,0.4213,0.406018,0.392103,0.379867,0.37116,0.366738,0.365721,0.361878,0.354281,0.348834,0.348242,0.351936,0.35543,0.359216,0.367181,0.379808,0.392574,0.400045,0.407193,0.417995,0.43156,0.443535,0.455669,0.4707,0.486749,0.491475,0.486172,0.482343,0.482869,0.485737,0.490664,0.499186,0.508404,0.512821,0.504427,0.489162
5349,0.512492,0.509721,0.50597,0.501452,0.496231,0.491185,0.486123,0.480843,0.473665,0.465036,0.455734,0.445032,0.433124,0.420825,0.408022,0.394297,0.380241,0.368089,0.359585,0.353953,0.348598,0.343215,0.337582,0.333577,0.333709,0.338427,0.346896,0.360071,0.377048,0.39755,0.421285,0.446652,0.471351,0.495361,0.520701,0.545957,0.567873,0.586093,0.603551,0.621066,0.633009,0.637783,0.640235,0.641074,0.634879,0.628826,0.631874,0.64201,0.645632,0.638858
5401,0.445801,0.44677,0.446446,0.444218,0.441383,0.438726,0.436129,0.433612,0.431543,0.430648,0.430043,0.430143,0.431288,0.432597,0.431551,0.428624,0.425028,0.42142,0.417139,0.411724,0.403363,0.392036,0.380665,0.37212,0.367336,0.365906,0.36635,0.367625,0.369235,0.370961,0.372472,0.37308,0.372622,0.371539,0.369837,0.367136,0.363135,0.35793,0.353131,0.350091,0.349337,0.351584,0.360014,0.374563,0.393264,0.414663,0.43676,0.456298,0.471076,0.483681
5402,0.509414,0.517917,0.521678,0.521697,0.519048,0.513821,0.507742,0.500759,0.493695,0.485754,0.475145,0.463211,0.451008,0.440512,0.43171,0.424378,0.418298,0.411586,0.403482,0.393714,0.382273,0.371395,0.364133,0.360248,0.358793,0.359382,0.361395,0.361801,0.359749,0.359353,0.361887,0.367195,0.371916,0.373759,0.37672,0.383154,0.390429,0.39243,0.390288,0.389207,0.391192,0.394785,0.398219,0.403345,0.412375,0.42347,0.433513,0.442403,0.452532,0.465787
5406,0.449812,0.453522,0.458033,0.462041,0.465035,0.465682,0.464002,0.460868,0.456963,0.452758,0.447372,0.440422,0.431963,0.42333,0.415383,0.407083,0.39929,0.391716,0.383981,0.375933,0.367845,0.360823,0.355216,0.352011,0.351434,0.353319,0.356973,0.3627,0.371538,0.38319,0.394042,0.40298,0.41384,0.428353,0.4422,0.44991,0.455776,0.465001,0.475436,0.478956,0.476367,0.475555,0.478046,0.481261,0.479113,0.473828,0.468785,0.465008,0.462551,0.460871
5413,0.438235,0.440714,0.4432,0.4431,0.441765,0.440928,0.441248,0.442862,0.444406,0.442403,0.434915,0.42448,0.412506,0.399252,0.384721,0.368404,0.348737,0.327271,0.307894,0.29199,0.279812,0.269701,0.259896,0.252888,0.250261,0.25206,0.257859,0.268431,0.284448,0.304284,0.320342,0.331284,0.346164,0.365056,0.378898,0.387344,0.400179,0.418375,0.433223,0.442302,0.454144,0.470756,0.483051,0.482631,0.475848,0.47463,0.482123,0.497616,0.517586,0.537645
5418,0.462651,0.461865,0.463344,0.465754,0.468304,0.470707,0.472461,0.473794,0.474727,0.474959,0.473914,0.471133,0.467221,0.462502,0.456552,0.44798,0.438119,0.429238,0.421648,0.414202,0.405053,0.395077,0.386529,0.381284,0.379782,0.381526,0.383688,0.385184,0.386812,0.391469,0.400966,0.416122,0.435134,0.454083,0.471192,0.486418,0.500974,0.514736,0.524953,0.530366,0.532245,0.532817,0.532846,0.530738,0.525777,0.519141,0.512553,0.50702,0.501348,0.494952
5423,0.43286,0.43006,0.427027,0.423937,0.420884,0.41709,0.410795,0.401433,0.390304,0.377175,0.361918,0.345314,0.328843,0.314926,0.304237,0.296302,0.290749,0.286415,0.283702,0.282247,0.28073,0.276392,0.268346,0.257912,0.251072,0.251868,0.260816,0.272379,0.283898,0.299902,0.32123,0.34557,0.368333,0.388414,0.408732,0.429771,0.449701,0.462773,0.470071,0.477287,0.485156,0.493943,0.501099,0.506416,0.512868,0.521052,0.531242,0.540862,0.542253,0.539457
5428,0.508975,0.500822,0.495902,0.494737,0.494683,0.493957,0.493416,0.492453,0.489769,0.483397,0.475427,0.468512,0.464185,0.463073,0.464161,0.465731,0.467224,0.469668,0.472647,0.474396,0.47218,0.466166,0.458625,0.452007,0.448163,0.448803,0.455543,0.467458,0.481922,0.496773,0.51044,0.52034,0.525065,0.52628,0.528306,0.528994,0.524344,0.517275,0.512838,0.510749,0.507082,0.501733,0.498581,0.499464,0.5032,0.508272,0.515542,0.525234,0.535883,0.547275
SIMBA_100,0.519633,0.519336,0.518634,0.519257,0.521822,0.525027,0.528138,0.53052,0.529696,0.525564,0.519812,0.51324,0.507078,0.50246,0.500148,0.500137,0.501885,0.505199,0.509388,0.513434,0.515966,0.51484,0.510021,0.503781,0.499295,0.498986,0.501833,0.505626,0.508339,0.509282,0.508908,0.509114,0.509851,0.510699,0.511428,0.513217,0.515912,0.519048,0.52266,0.527164,0.533017,0.541132,0.552295,0.566975,0.584282,0.603075,0.622588,0.641737,0.660205,0.676704
SIMBA_106,0.528728,0.534905,0.539924,0.541265,0.536743,0.529975,0.524699,0.523139,0.52769,0.535054,0.544349,0.553886,0.559649,0.560235,0.557536,0.552097,0.542275,0.528495,0.514118,0.502486,0.494882,0.489877,0.486668,0.485551,0.485256,0.486552,0.490054,0.493318,0.493689,0.491263,0.490115,0.492812,0.49797,0.503088,0.509508,0.519126,0.529308,0.537402,0.544218,0.549944,0.550515,0.549629,0.552249,0.558532,0.564703,0.567055,0.570811,0.578141,0.584905,0.586795
