READ,V1,V2,V3,V4,V5,V6,V7,V8,V9,V10,V11,V12,V13,V14,V15,V16,V17,V18,V19,V20,V21,V22,V23,V24,V25,V26,V27,V28,V29,V30,V31,V32,V33,V34,V35,V36,V37,V38,V39,V40,V41,V42,V43,V44,V45,V46,V47,V48,V49,V50
1006,0.436629,0.42928,0.42364,0.420706,0.420364,0.420775,0.419661,0.414041,0.404787,0.395236,0.389582,0.387938,0.388659,0.389585,0.388531,0.385555,0.37961,0.370577,0.360322,0.350412,0.339765,0.325305,0.3096,0.295255,0.284276,0.277647,0.273631,0.273216,0.277932,0.28718,0.296268,0.305686,0.317616,0.32849,0.334507,0.339269,0.34737,0.354747,0.355273,0.352645,0.353169,0.354227,0.35152,0.351721,0.35541,0.35022,0.336544,0.324991,0.315657,0.301121
1007,0.445511,0.448643,0.454969,0.463997,0.470897,0.475498,0.479924,0.483744,0.484466,0.484907,0.487024,0.486525,0.478963,0.472118,0.467708,0.461643,0.449534,0.43757,0.426994,0.416342,0.40615,0.397319,0.388517,0.378321,0.368732,0.3615,0.356531,0.350921,0.346921,0.346356,0.349755,0.3545,0.356839,0.363437,0.376407,0.392152,0.402761,0.400591,0.3924,0.382888,0.373967,0.365299,0.350507,0.333813,0.320569,0.310953,0.305154,0.304296,0.30704,0.306785
1008,0.533872,0.529281,0.52461,0.519014,0.51347,0.508067,0.503065,0.498279,0.492084,0.48432,0.476309,0.468752,0.458839,0.449776,0.441786,0.435177,0.430397,0.426702,0.424299,0.422148,0.418523,0.41163,0.402589,0.39332,0.386553,0.382352,0.379642,0.377253,0.374344,0.369127,0.363191,0.357859,0.35351,0.346773,0.33965,0.334766,0.331713,0.330517,0.331128,0.332447,0.334625,0.335874,0.334134,0.333353,0.333938,0.336109,0.33942,0.342812,0.346664,0.351634
1101,0.468376,0.467092,0.460389,0.449425,0.437853,0.427016,0.416545,0.408158,0.401975,0.396319,0.389828,0.383936,0.379842,0.37762,0.376925,0.37839,0.382257,0.386739,0.389503,0.388972,0.386315,0.383274,0.379588,0.371847,0.36007,0.347402,0.337644,0.329495,0.32172,0.314992,0.312777,0.316325,0.32216,0.326814,0.329149,0.333487,0.341068,0.34682,0.344318,0.338326,0.334341,0.332309,0.331368,0.334204,0.338619,0.339455,0.333174,0.325904,0.319148,0.312709
1103,0.531879,0.527433,0.523798,0.521796,0.519484,0.510857,0.496231,0.478529,0.458905,0.434911,0.405732,0.38132,0.365027,0.35831,0.36105,0.36949,0.379511,0.388858,0.396034,0.398611,0.399274,0.399528,0.398631,0.395259,0.391698,0.38923,0.383438,0.37266,0.359684,0.345564,0.330953,0.316976,0.304458,0.29424,0.286032,0.27982,0.274816,0.271878,0.271479,0.273609,0.277481,0.284642,0.29413,0.303301,0.311166,0.316936,0.321657,0.324739,0.326657,0.326209
1104,0.379692,0.375105,0.37094,0.366597,0.362256,0.358358,0.354333,0.349106,0.34265,0.335882,0.329901,0.325119,0.321643,0.319612,0.319204,0.320372,0.322526,0.325488,0.328675,0.332322,0.336541,0.341667,0.347393,0.352716,0.356581,0.359545,0.361918,0.36342,0.363885,0.363628,0.362913,0.361692,0.358422,0.353402,0.347632,0.342186,0.337604,0.332732,0.326364,0.318564,0.311829,0.306058,0.300217,0.293492,0.287856,0.28263,0.279478,0.278155,0.279942,0.286496
1106,0.43097,0.419738,0.410272,0.402719,0.396487,0.389487,0.379848,0.368734,0.355492,0.342391,0.329898,0.318761,0.310165,0.303623,0.298723,0.294188,0.290211,0.285838,0.27999,0.27273,0.265135,0.256718,0.247994,0.238755,0.231404,0.226025,0.223185,0.223816,0.228952,0.236994,0.245533,0.254032,0.265592,0.279799,0.291624,0.296473,0.299904,0.303572,0.308074,0.311427,0.315264,0.31722,0.313322,0.30638,0.300755,0.297083,0.294938,0.29285,0.287982,0.28166
1201,0.43329,0.423664,0.415489,0.408015,0.400587,0.391777,0.378304,0.360211,0.341314,0.324015,0.309966,0.301748,0.298036,0.300373,0.305911,0.310634,0.311856,0.310528,0.308849,0.306773,0.3068,0.308145,0.307891,0.308483,0.314839,0.327942,0.350979,0.371763,0.385462,0.395469,0.410284,0.424662,0.429468,0.42951,0.434192,0.444487,0.45717,0.462129,0.461427,0.460673,0.45147,0.435584,0.422672,0.411383,0.390909,0.369292,0.35722,0.353584,0.355866,0.354058
1202,0.380019,0.375442,0.373163,0.374126,0.378066,0.381192,0.383952,0.389573,0.396209,0.401604,0.40643,0.409628,0.411655,0.412965,0.412017,0.408782,0.403548,0.398259,0.388871,0.379202,0.369852,0.359922,0.350575,0.341725,0.33466,0.327977,0.323126,0.321296,0.321498,0.323814,0.328046,0.332072,0.334902,0.335728,0.336217,0.337066,0.337514,0.337606,0.335694,0.332489,0.329657,0.328048,0.326575,0.323815,0.320309,0.317223,0.315949,0.315847,0.316147,0.31732
1300,0.468493,0.46344,0.458678,0.454472,0.450449,0.446373,0.442739,0.439669,0.435594,0.428323,0.41824,0.407569,0.395731,0.38266,0.370041,0.358817,0.349235,0.341546,0.336156,0.333703,0.333919,0.33664,0.34169,0.348393,0.355227,0.362232,0.369437,0.376567,0.382904,0.388543,0.39321,0.397114,0.399715,0.401004,0.400874,0.399551,0.397072,0.393661,0.39071,0.388478,0.386902,0.385476,0.384098,0.381607,0.379235,0.377646,0.376883,0.374646,0.371133,0.367709
2000,0.511912,0.51092,0.511415,0.512415,0.50868,0.501022,0.493083,0.485359,0.476562,0.465798,0.4536,0.441323,0.42923,0.417685,0.40748,0.398583,0.390695,0.38385,0.378009,0.37316,0.36932,0.365856,0.361499,0.356691,0.352135,0.347535,0.342153,0.336309,0.329941,0.322383,0.31464,0.307295,0.301429,0.298378,0.297322,0.296756,0.296831,0.298454,0.301407,0.304393,0.308388,0.313322,0.318911,0.324772,0.330638,0.336136,0.342491,0.350952,0.360081,0.366377
2009,0.476555,0.467686,0.457945,0.44625,0.433182,0.42094,0.409288,0.398087,0.388633,0.382338,0.379802,0.38014,0.382047,0.384733,0.388507,0.392817,0.396475,0.397618,0.396854,0.394815,0.389625,0.380721,0.370856,0.36337,0.360253,0.36059,0.360562,0.358253,0.354947,0.351172,0.346362,0.342105,0.340863,0.342665,0.346083,0.353714,0.366146,0.382174,0.39805,0.406613,0.410715,0.418128,0.428416,0.438261,0.442129,0.441939,0.440392,0.435964,0.428886,0.419111
2010,0.470866,0.470264,0.468017,0.464242,0.460286,0.456111,0.451113,0.445946,0.440897,0.435909,0.43057,0.424728,0.419154,0.414175,0.409405,0.404115,0.397995,0.391057,0.383911,0.376622,0.368624,0.360644,0.353401,0.348003,0.34324,0.339414,0.336773,0.335582,0.336562,0.33966,0.344131,0.349703,0.355927,0.361318,0.364965,0.369098,0.373435,0.376997,0.377729,0.376569,0.375148,0.373382,0.369993,0.364864,0.358229,0.350644,0.342285,0.333085,0.324285,0.316781
2047,0.426912,0.433217,0.441385,0.447742,0.45281,0.456033,0.454655,0.450141,0.44537,0.440908,0.435048,0.427298,0.418902,0.409539,0.399867,0.391367,0.383734,0.376129,0.366974,0.353415,0.337722,0.323534,0.313196,0.307978,0.307908,0.312067,0.313186,0.311424,0.311389,0.314184,0.315742,0.309721,0.303515,0.303315,0.310276,0.317547,0.322617,0.330254,0.338302,0.343042,0.340491,0.338933,0.340758,0.342948,0.342185,0.34096,0.340621,0.339833,0.339043,0.337979
2087,0.407004,0.407868,0.408399,0.408,0.407835,0.408223,0.409415,0.411769,0.414366,0.416752,0.418918,0.419877,0.419549,0.418945,0.41765,0.414919,0.411125,0.405762,0.398881,0.391139,0.383743,0.375975,0.367774,0.358112,0.347715,0.338176,0.330028,0.323707,0.31879,0.314703,0.311241,0.30885,0.308652,0.310982,0.315151,0.32042,0.322588,0.322995,0.322356,0.320481,0.317371,0.311689,0.304919,0.297933,0.291383,0.283495,0.276131,0.26945,0.265338,0.264671
2089,0.332977,0.331659,0.332292,0.332539,0.329467,0.327052,0.327087,0.327421,0.327828,0.331649,0.335883,0.336871,0.339927,0.344773,0.337588,0.325,0.3148,0.304203,0.295738,0.291603,0.291614,0.290147,0.282831,0.272356,0.261297,0.253217,0.251225,0.255818,0.263114,0.269211,0.272273,0.276019,0.28267,0.290415,0.297133,0.301706,0.304545,0.307314,0.311567,0.314538,0.3159,0.317399,0.318108,0.314929,0.307889,0.299231,0.289503,0.279976,0.272768,0.270033
2100,0.444371,0.445055,0.445283,0.442547,0.434368,0.425108,0.416892,0.409199,0.399413,0.388808,0.37827,0.368371,0.36003,0.353856,0.349008,0.344904,0.34092,0.337405,0.336001,0.336887,0.33972,0.34266,0.344864,0.346519,0.347356,0.347848,0.347723,0.346488,0.345061,0.343704,0.342148,0.3393,0.334995,0.329101,0.323018,0.317342,0.311448,0.305756,0.301132,0.297459,0.293337,0.288311,0.28288,0.277771,0.272113,0.264719,0.255062,0.245679,0.238172,0.232382
2155,0.527603,0.516515,0.50762,0.500676,0.495578,0.489819,0.483634,0.478741,0.474881,0.470708,0.466988,0.463613,0.460926,0.459204,0.458371,0.458552,0.461471,0.468139,0.477518,0.487292,0.493775,0.49479,0.492171,0.488322,0.480543,0.469002,0.456726,0.446184,0.436903,0.428275,0.421374,0.415951,0.40989,0.402363,0.393635,0.38388,0.374428,0.365272,0.355445,0.345514,0.336227,0.32764,0.3193,0.312012,0.308164,0.309576,0.313953,0.320915,0.328989,0.337814
2159,0.431612,0.422362,0.4044,0.38965,0.370915,0.357637,0.354822,0.342349,0.324147,0.309223,0.300491,0.29999,0.301009,0.297631,0.292612,0.283784,0.273211,0.272649,0.27525,0.270854,0.262977,0.251563,0.240252,0.23501,0.240102,0.24803,0.253082,0.258705,0.269773,0.282053,0.292787,0.298148,0.299187,0.302287,0.312782,0.33024,0.350502,0.366191,0.375355,0.386167,0.396364,0.400251,0.41138,0.430808,0.440072,0.437605,0.423011,0.40039,0.376938,0.355715
2192,0.438196,0.430721,0.421746,0.416109,0.416836,0.421884,0.427792,0.431251,0.432502,0.434292,0.434388,0.428548,0.419103,0.412789,0.41134,0.414936,0.422552,0.431547,0.440029,0.444134,0.442233,0.438284,0.433904,0.427792,0.419527,0.410872,0.403368,0.394576,0.380691,0.365718,0.353148,0.342731,0.333436,0.327521,0.325938,0.326809,0.324105,0.318264,0.312997,0.309798,0.305641,0.300818,0.297925,0.298547,0.300703,0.302112,0.30289,0.304763,0.308433,0.311396
2239,0.427877,0.412158,0.397263,0.383369,0.373634,0.37326,0.37613,0.38085,0.386134,0.388381,0.390941,0.394976,0.396729,0.397401,0.401004,0.406417,0.403231,0.398035,0.393435,0.38913,0.383949,0.377907,0.371426,0.356426,0.332872,0.308542,0.284195,0.265074,0.249684,0.236984,0.229052,0.228224,0.229239,0.230902,0.225696,0.217399,0.210012,0.202716,0.192789,0.18224,0.171519,0.16316,0.160715,0.162548,0.167015,0.174212,0.187294,0.207708,0.236584,0.261609
2250,0.532376,0.524494,0.516617,0.508497,0.500066,0.491378,0.482284,0.472164,0.462353,0.453437,0.444962,0.435895,0.426795,0.417862,0.408988,0.399794,0.389743,0.378702,0.367148,0.354715,0.342575,0.331598,0.321751,0.313019,0.305491,0.299837,0.295351,0.291605,0.289047,0.287399,0.286504,0.286269,0.287066,0.289277,0.292982,0.296433,0.299165,0.302044,0.305482,0.3095,0.313055,0.315551,0.318273,0.320801,0.323475,0.325152,0.326915,0.328805,0.330215,0.330295
2257,0.48028,0.467017,0.455285,0.445691,0.438009,0.431288,0.425062,0.417761,0.409338,0.400599,0.392497,0.384821,0.377281,0.370558,0.36452,0.358495,0.352015,0.344979,0.337351,0.330072,0.32365,0.317625,0.311541,0.305741,0.300522,0.296371,0.294149,0.294706,0.29757,0.301523,0.305822,0.310523,0.315391,0.319071,0.322776,0.326751,0.331011,0.336175,0.34216,0.34838,0.35445,0.359723,0.363711,0.368034,0.371476,0.372631,0.372165,0.369534,0.367046,0.363626
2315,0.413453,0.405841,0.399274,0.39286,0.389054,0.388484,0.389009,0.390215,0.391516,0.390194,0.385649,0.379075,0.371237,0.362581,0.353048,0.342399,0.330312,0.31741,0.306113,0.297388,0.293805,0.295258,0.299776,0.306061,0.312901,0.320543,0.327904,0.336349,0.345134,0.351749,0.356306,0.360876,0.363986,0.365647,0.365823,0.3672,0.370646,0.37312,0.374911,0.37522,0.376438,0.379214,0.380488,0.379079,0.377334,0.376081,0.373983,0.370027,0.365766,0.363042
2321,0.506086,0.500451,0.492157,0.482656,0.474596,0.468262,0.461961,0.456185,0.452887,0.451059,0.446635,0.439641,0.433398,0.427467,0.4188,0.408176,0.39905,0.39211,0.386036,0.377606,0.368727,0.360353,0.352138,0.345667,0.340148,0.335969,0.334444,0.332737,0.329224,0.325599,0.323718,0.322531,0.320278,0.317743,0.315852,0.314896,0.31433,0.314031,0.314025,0.314633,0.31553,0.315666,0.316166,0.317125,0.318896,0.32102,0.323559,0.327267,0.331968,0.335485
2332,0.483122,0.479114,0.475793,0.473495,0.471883,0.471265,0.471511,0.471614,0.470872,0.470019,0.468972,0.467565,0.465233,0.46285,0.460721,0.458594,0.455361,0.452172,0.44908,0.445775,0.440902,0.435373,0.429654,0.424304,0.419223,0.414796,0.411337,0.408853,0.40678,0.405431,0.405524,0.406287,0.406021,0.405,0.404252,0.403645,0.402316,0.400987,0.400255,0.399291,0.396608,0.392846,0.389038,0.385077,0.380987,0.377171,0.373763,0.370725,0.367673,0.36348
2333,0.466524,0.472749,0.481211,0.491089,0.501237,0.511395,0.521176,0.529695,0.535136,0.537076,0.537119,0.535912,0.532289,0.527083,0.522088,0.517856,0.514249,0.51085,0.507306,0.503276,0.498397,0.49225,0.485552,0.478914,0.472154,0.465673,0.459846,0.454267,0.449064,0.444535,0.439789,0.434201,0.427834,0.42151,0.415114,0.408034,0.400487,0.393011,0.385743,0.378073,0.370235,0.363141,0.356165,0.34824,0.339653,0.331689,0.324649,0.318362,0.311905,0.305497
2343,0.491241,0.483823,0.473453,0.460123,0.444946,0.428176,0.409957,0.390878,0.372652,0.356761,0.34497,0.336881,0.331066,0.329375,0.332814,0.339653,0.348209,0.357352,0.36634,0.374975,0.381112,0.383643,0.382896,0.380122,0.37644,0.371779,0.366219,0.360344,0.355256,0.350952,0.347071,0.343815,0.342053,0.342141,0.342968,0.343672,0.344925,0.34705,0.349577,0.35173,0.35339,0.355069,0.356545,0.356083,0.352757,0.347664,0.342478,0.338204,0.334669,0.33184
2351,0.444743,0.436714,0.428531,0.419478,0.412312,0.407114,0.403255,0.400585,0.398943,0.39873,0.400041,0.401432,0.400097,0.394448,0.38712,0.379625,0.371563,0.360995,0.349034,0.337895,0.328387,0.319102,0.311692,0.307232,0.306335,0.308455,0.313103,0.319728,0.327356,0.335623,0.343923,0.351413,0.359087,0.366995,0.375503,0.384993,0.393453,0.399977,0.406253,0.413916,0.422997,0.430987,0.433768,0.432886,0.431457,0.430515,0.428719,0.424,0.413446,0.400944
2409,0.380046,0.373802,0.36945,0.366278,0.362889,0.357845,0.352233,0.349315,0.351592,0.357115,0.365798,0.377714,0.393639,0.410484,0.424155,0.43162,0.433597,0.43119,0.427171,0.421263,0.414068,0.408319,0.403458,0.39658,0.389091,0.384896,0.384925,0.387858,0.391227,0.395094,0.397491,0.393201,0.383319,0.37448,0.369644,0.3668,0.363655,0.359115,0.356208,0.355313,0.354633,0.352362,0.3475,0.344523,0.343796,0.343421,0.341554,0.337821,0.334105,0.331714
2428,0.455597,0.445902,0.43731,0.430056,0.422553,0.41317,0.403369,0.39516,0.386147,0.376387,0.36615,0.357015,0.349927,0.345292,0.341293,0.336388,0.332391,0.330212,0.328405,0.324238,0.318869,0.314432,0.31272,0.313053,0.315345,0.31888,0.323996,0.331468,0.338769,0.341168,0.340036,0.338828,0.339314,0.338585,0.332306,0.323436,0.316726,0.315425,0.316714,0.316286,0.31639,0.315795,0.316367,0.31572,0.314448,0.315136,0.315846,0.315199,0.314616,0.313055
2606,0.45428,0.442602,0.432539,0.425467,0.421215,0.418351,0.416879,0.416408,0.416614,0.417705,0.419651,0.422089,0.425147,0.429354,0.433961,0.437523,0.440124,0.441319,0.440448,0.437332,0.431315,0.422719,0.411602,0.398537,0.384957,0.372271,0.360451,0.349307,0.338191,0.327071,0.316835,0.30764,0.2989,0.29032,0.283167,0.278704,0.275825,0.273812,0.273224,0.275216,0.277449,0.276884,0.275703,0.276715,0.279203,0.2815,0.282884,0.284965,0.288559,0.293
3004,0.487159,0.481455,0.475296,0.46979,0.465368,0.461102,0.452798,0.441384,0.429976,0.419381,0.408569,0.39644,0.384528,0.374641,0.36699,0.359675,0.352854,0.347727,0.34574,0.346452,0.347553,0.348222,0.347489,0.346034,0.342875,0.337201,0.331394,0.32703,0.324761,0.323418,0.321803,0.32032,0.31947,0.32022,0.321867,0.324016,0.327349,0.331315,0.334373,0.336008,0.336736,0.336883,0.33633,0.333878,0.329491,0.324143,0.317632,0.311717,0.307065,0.303049
3009,0.515119,0.506542,0.497649,0.486236,0.473876,0.46342,0.454211,0.445136,0.43503,0.425504,0.416742,0.406671,0.395979,0.386668,0.379994,0.375587,0.372788,0.369958,0.367835,0.366418,0.36416,0.361146,0.35769,0.354305,0.350324,0.344901,0.339593,0.335165,0.332797,0.331393,0.33091,0.331623,0.334465,0.337659,0.338845,0.339449,0.340386,0.339798,0.336131,0.332493,0.330658,0.329042,0.324267,0.319275,0.315147,0.312725,0.31016,0.308393,0.310141,0.314438
3010,0.408376,0.395489,0.383625,0.376895,0.372614,0.367586,0.364666,0.364503,0.364875,0.366027,0.369087,0.372481,0.371953,0.366936,0.359735,0.351807,0.342554,0.328935,0.30784,0.279595,0.251189,0.225717,0.205701,0.198798,0.209398,0.233201,0.258158,0.278332,0.291982,0.300933,0.309046,0.316884,0.318795,0.319077,0.32351,0.330178,0.335643,0.337546,0.336182,0.325655,0.314844,0.309228,0.313562,0.323442,0.329737,0.337426,0.345829,0.350184,0.347978,0.343892
3011,0.478451,0.462649,0.448017,0.434815,0.423529,0.41541,0.408439,0.401216,0.393601,0.384726,0.375236,0.365126,0.357286,0.353611,0.352625,0.352448,0.351474,0.350678,0.349196,0.343443,0.331834,0.319915,0.310406,0.30149,0.288553,0.277248,0.275182,0.280815,0.28894,0.301768,0.317103,0.330525,0.334395,0.33349,0.331361,0.329634,0.326245,0.323054,0.323115,0.325317,0.32629,0.320718,0.313069,0.309001,0.310166,0.310561,0.309275,0.308715,0.306721,0.300458
3013,0.375712,0.374644,0.37566,0.378411,0.382944,0.388812,0.39548,0.402128,0.407969,0.412579,0.41563,0.417111,0.416213,0.412905,0.407622,0.401178,0.393755,0.385463,0.376539,0.367084,0.35701,0.346753,0.336449,0.326864,0.318074,0.310257,0.302912,0.296476,0.29126,0.286401,0.281907,0.277285,0.27409,0.272712,0.272669,0.273342,0.274624,0.276731,0.279646,0.28267,0.285348,0.287179,0.28806,0.287927,0.286626,0.282812,0.277059,0.270203,0.263337,0.256944
3030,0.441807,0.430843,0.420145,0.409927,0.398334,0.385156,0.370822,0.355826,0.341466,0.328107,0.317493,0.309022,0.302407,0.2979,0.295027,0.292688,0.290767,0.289494,0.289722,0.290531,0.291639,0.292468,0.292937,0.292321,0.291492,0.290722,0.289105,0.285455,0.28203,0.279459,0.276527,0.272245,0.267302,0.262142,0.25678,0.2511,0.245958,0.243932,0.246207,0.251783,0.257917,0.262003,0.261469,0.25583,0.24816,0.242328,0.239891,0.239235,0.239145,0.238311
3057,0.504409,0.490912,0.471576,0.450398,0.428872,0.408379,0.39031,0.375619,0.364848,0.355317,0.345881,0.338244,0.332714,0.32916,0.328152,0.327579,0.327023,0.32587,0.323138,0.317869,0.313448,0.309085,0.305252,0.302685,0.302017,0.302259,0.303414,0.30388,0.302963,0.30001,0.297378,0.294155,0.290362,0.287741,0.285948,0.285477,0.285019,0.282538,0.277593,0.273337,0.271766,0.272179,0.275149,0.281917,0.292152,0.30213,0.30912,0.314921,0.316035,0.311607
3069,0.445364,0.439308,0.43345,0.428984,0.425449,0.418428,0.409318,0.401111,0.394912,0.388619,0.381483,0.37537,0.371478,0.367908,0.360397,0.350421,0.340803,0.331876,0.322968,0.313633,0.305391,0.299194,0.295103,0.293161,0.292358,0.29332,0.296285,0.300751,0.304095,0.305772,0.307035,0.308033,0.30817,0.306618,0.30549,0.305706,0.306679,0.30527,0.300699,0.295845,0.29114,0.283577,0.269602,0.255623,0.24494,0.237293,0.232258,0.231432,0.235758,0.243232
3072,0.406804,0.405165,0.40466,0.403746,0.401976,0.400062,0.397927,0.394775,0.388737,0.381026,0.373052,0.365109,0.35694,0.349074,0.342332,0.336379,0.33084,0.325969,0.322162,0.318744,0.315212,0.311388,0.307082,0.301919,0.295857,0.289321,0.282716,0.276762,0.271685,0.267552,0.264479,0.262654,0.261515,0.260057,0.258835,0.257747,0.256619,0.254818,0.252408,0.250688,0.250734,0.252607,0.255921,0.2607,0.266303,0.270934,0.273067,0.272773,0.271031,0.269056
3075,0.364027,0.357303,0.349417,0.342601,0.337458,0.335503,0.337109,0.341415,0.347071,0.352835,0.359521,0.368364,0.378696,0.389642,0.400458,0.411732,0.419927,0.420717,0.417721,0.413143,0.405971,0.398142,0.392345,0.388859,0.385403,0.380795,0.376007,0.370996,0.363969,0.356506,0.35001,0.346511,0.34835,0.355107,0.363301,0.371209,0.378568,0.384808,0.387549,0.38684,0.386639,0.386867,0.384382,0.374067,0.362052,0.352101,0.344401,0.336904,0.329365,0.32313
3077,0.349279,0.331691,0.32027,0.313882,0.310268,0.307199,0.304486,0.302479,0.300019,0.297627,0.298188,0.303257,0.312626,0.323487,0.333018,0.338843,0.341751,0.343429,0.34296,0.339563,0.333228,0.323906,0.312634,0.301829,0.291398,0.281507,0.274017,0.271793,0.276642,0.286035,0.294987,0.304997,0.315537,0.327393,0.337259,0.347993,0.358092,0.369243,0.377696,0.385381,0.386845,0.38591,0.382431,0.378145,0.375382,0.376791,0.381507,0.387628,0.391907,0.393766
3089,0.512347,0.500471,0.489935,0.481675,0.475786,0.473256,0.473494,0.474421,0.474872,0.474241,0.472048,0.466308,0.458039,0.44991,0.44241,0.435631,0.429797,0.424352,0.418213,0.411048,0.402151,0.391475,0.379437,0.366498,0.351953,0.337369,0.324161,0.312176,0.301478,0.294385,0.292562,0.295709,0.301971,0.310823,0.321176,0.331016,0.338163,0.343193,0.346786,0.350991,0.355147,0.35738,0.357442,0.357098,0.358319,0.360216,0.35894,0.357165,0.358098,0.360809
3104,0.606437,0.612659,0.617063,0.617275,0.612879,0.604808,0.59401,0.580769,0.565839,0.549558,0.532594,0.515497,0.499262,0.484429,0.471349,0.459369,0.447692,0.436523,0.425938,0.416084,0.407191,0.3991,0.391867,0.385763,0.381042,0.378106,0.377145,0.377668,0.379126,0.381691,0.385541,0.389569,0.392489,0.394573,0.397107,0.400402,0.402577,0.402863,0.40273,0.403082,0.403727,0.40298,0.39934,0.394423,0.389569,0.384231,0.377298,0.36865,0.360131,0.353698
3105,0.398075,0.381923,0.362321,0.344708,0.336647,0.341392,0.353185,0.361194,0.362589,0.364437,0.368863,0.375645,0.380584,0.380885,0.376403,0.37064,0.370218,0.374058,0.373207,0.364836,0.351047,0.341063,0.337765,0.3375,0.336134,0.332973,0.331161,0.331073,0.330442,0.329136,0.332031,0.341252,0.352876,0.361923,0.36498,0.363321,0.355457,0.344351,0.337095,0.332545,0.327654,0.322564,0.316929,0.312126,0.303453,0.295264,0.290151,0.288489,0.289949,0.288516
3111,0.418043,0.414006,0.410316,0.406483,0.401422,0.394843,0.387486,0.38092,0.374377,0.367547,0.361531,0.35652,0.352301,0.349599,0.347493,0.345276,0.343227,0.34087,0.338165,0.335723,0.334581,0.335376,0.338085,0.341692,0.344874,0.346307,0.347794,0.350857,0.355409,0.360853,0.36776,0.376797,0.385379,0.390186,0.392786,0.39598,0.399551,0.398491,0.390176,0.379052,0.368269,0.356942,0.344761,0.333393,0.32331,0.314846,0.30758,0.299636,0.289946,0.280482
4013,0.430465,0.431393,0.431907,0.432814,0.433828,0.432994,0.431757,0.431894,0.43188,0.429068,0.424076,0.418038,0.409924,0.3982,0.385615,0.373387,0.362762,0.356182,0.354497,0.356477,0.361077,0.366319,0.371938,0.376853,0.379957,0.379038,0.375992,0.372116,0.367308,0.360435,0.351781,0.341551,0.330022,0.317949,0.305665,0.294491,0.284656,0.276713,0.271187,0.267577,0.266095,0.266881,0.26938,0.272014,0.275621,0.280643,0.285009,0.286579,0.286092,0.285115
4014,0.577324,0.557979,0.539475,0.523818,0.5126,0.506787,0.506257,0.508805,0.51485,0.523533,0.531681,0.538402,0.544869,0.55073,0.553395,0.553463,0.552678,0.551417,0.547785,0.541476,0.534463,0.527445,0.518471,0.508123,0.498894,0.490425,0.482422,0.475215,0.470514,0.46607,0.461103,0.455535,0.450355,0.443848,0.435461,0.424364,0.412923,0.403826,0.395729,0.387437,0.379131,0.371245,0.364132,0.357791,0.354273,0.354072,0.356497,0.359635,0.360634,0.361055
4037,0.469437,0.452215,0.437068,0.424658,0.415856,0.409798,0.407687,0.410371,0.418561,0.430886,0.446864,0.468457,0.494298,0.51887,0.540004,0.555426,0.564531,0.568127,0.565597,0.556482,0.539197,0.519349,0.496359,0.473126,0.448609,0.42737,0.408929,0.39375,0.378578,0.362145,0.342488,0.320941,0.300031,0.28361,0.277841,0.280224,0.289267,0.299483,0.313863,0.327779,0.337773,0.344023,0.349316,0.357173,0.367055,0.376474,0.379282,0.379829,0.374433,0.365346
4053,0.484395,0.469466,0.45699,0.443086,0.428692,0.415385,0.401798,0.389571,0.378652,0.36895,0.361061,0.356775,0.356211,0.356601,0.35587,0.353385,0.350608,0.348976,0.346795,0.343587,0.339789,0.336357,0.333768,0.333238,0.333972,0.336794,0.340634,0.344537,0.349815,0.355775,0.362007,0.369372,0.3777,0.38702,0.396239,0.4062,0.413772,0.419899,0.426056,0.431969,0.437622,0.442282,0.445549,0.447071,0.448313,0.450215,0.450737,0.446603,0.437262,0.425018
4055,0.459381,0.461121,0.460692,0.458814,0.455508,0.452107,0.447918,0.442762,0.437317,0.431868,0.426102,0.41955,0.413012,0.406656,0.400937,0.395164,0.38949,0.384794,0.381083,0.37793,0.375137,0.372679,0.370701,0.368216,0.364989,0.361242,0.357623,0.354131,0.35054,0.346942,0.343594,0.341049,0.339027,0.337882,0.337677,0.338921,0.341506,0.345726,0.351283,0.357174,0.363089,0.369769,0.378146,0.387674,0.396861,0.404137,0.411187,0.418897,0.424964,0.428238
4056,0.437427,0.434706,0.432939,0.431996,0.431489,0.430919,0.429726,0.427342,0.422562,0.416866,0.4113,0.405745,0.400094,0.395302,0.390648,0.384436,0.374345,0.362284,0.34901,0.334795,0.320546,0.30665,0.29371,0.282423,0.274922,0.270919,0.268271,0.266353,0.265534,0.26627,0.266829,0.268535,0.272034,0.277677,0.28424,0.290426,0.297532,0.307388,0.318515,0.328434,0.335334,0.341532,0.348215,0.353191,0.356608,0.355316,0.350817,0.344944,0.338372,0.331781
4057,0.471063,0.448293,0.427865,0.405584,0.381744,0.361154,0.345312,0.337712,0.340418,0.349668,0.358405,0.364146,0.368346,0.369803,0.366451,0.35944,0.351377,0.34705,0.347728,0.349419,0.346999,0.336581,0.31965,0.298004,0.274305,0.253036,0.238414,0.23519,0.245697,0.261077,0.271641,0.279538,0.284584,0.288391,0.292223,0.298274,0.307986,0.324686,0.340115,0.347094,0.347534,0.344678,0.343722,0.342073,0.340915,0.342595,0.346655,0.354592,0.358599,0.358298
4066,0.499609,0.506247,0.511051,0.514046,0.515941,0.516164,0.514731,0.51157,0.507519,0.50333,0.499268,0.495223,0.489103,0.482832,0.477246,0.471206,0.464685,0.458181,0.45025,0.439505,0.428358,0.417923,0.410095,0.403533,0.397697,0.392978,0.389021,0.385633,0.382352,0.378578,0.374532,0.369636,0.363909,0.3592,0.356049,0.354211,0.351296,0.347382,0.3427,0.33803,0.332952,0.328246,0.325385,0.324707,0.32572,0.326234,0.327114,0.329847,0.334731,0.33833
4091,0.470418,0.472528,0.469324,0.461979,0.453363,0.445769,0.441815,0.43997,0.440704,0.443745,0.44541,0.441605,0.433445,0.425244,0.421293,0.423499,0.430143,0.437555,0.444634,0.452535,0.458434,0.453399,0.438528,0.423895,0.410871,0.397628,0.384254,0.372489,0.361577,0.347066,0.327064,0.307302,0.289847,0.276938,0.273427,0.280853,0.297391,0.319191,0.339901,0.361508,0.383578,0.402246,0.402779,0.390414,0.37785,0.367673,0.358869,0.351889,0.347055,0.345717
4098,0.421318,0.416523,0.412284,0.407117,0.400699,0.394217,0.388192,0.383217,0.378019,0.372707,0.367061,0.361673,0.357064,0.35398,0.352701,0.351102,0.348523,0.346099,0.343523,0.339983,0.335151,0.329157,0.32285,0.318386,0.317079,0.318063,0.32009,0.321815,0.321297,0.319148,0.317373,0.317827,0.323306,0.332823,0.345564,0.362037,0.38097,0.397605,0.408228,0.416826,0.424291,0.430329,0.433917,0.437098,0.439412,0.439911,0.438033,0.434788,0.430574,0.424829
4099,0.445495,0.44297,0.43923,0.436585,0.434867,0.43254,0.429683,0.42938,0.429141,0.425784,0.420243,0.415108,0.411291,0.407439,0.402891,0.39973,0.399097,0.39958,0.398858,0.397946,0.397652,0.397373,0.396044,0.394799,0.393548,0.391794,0.389332,0.385798,0.381025,0.37579,0.370072,0.362827,0.354732,0.346895,0.338701,0.329766,0.322152,0.317604,0.316225,0.319368,0.324696,0.329749,0.337022,0.344644,0.351932,0.359092,0.364885,0.369407,0.369789,0.368585
4105,0.485752,0.491841,0.494618,0.493596,0.490107,0.485599,0.481401,0.477924,0.475284,0.472966,0.469538,0.463374,0.455041,0.445865,0.436896,0.42825,0.420034,0.411828,0.401412,0.388012,0.372161,0.355601,0.340096,0.327102,0.316874,0.309531,0.306071,0.306536,0.310123,0.315536,0.319821,0.322063,0.323178,0.324149,0.324932,0.324664,0.323626,0.321653,0.319388,0.317233,0.316075,0.315168,0.315359,0.31626,0.317673,0.318971,0.31849,0.316652,0.313457,0.310069
4110,0.375447,0.368885,0.361777,0.35487,0.348342,0.343269,0.340729,0.339703,0.33851,0.337821,0.338438,0.339935,0.342276,0.344181,0.34452,0.34375,0.343075,0.342914,0.343534,0.344462,0.343842,0.340925,0.336509,0.331217,0.324671,0.317522,0.311544,0.306961,0.304413,0.304061,0.304241,0.305107,0.307696,0.312528,0.320642,0.33022,0.338222,0.345574,0.352831,0.360606,0.366142,0.366477,0.366445,0.368348,0.370954,0.372847,0.372792,0.372925,0.37481,0.37673
4127,0.51677,0.520161,0.521714,0.522049,0.521209,0.520419,0.520111,0.520431,0.521436,0.522179,0.521721,0.519269,0.515121,0.511367,0.50822,0.50405,0.498624,0.492621,0.487928,0.486169,0.48624,0.486866,0.487731,0.488851,0.490074,0.490822,0.491086,0.491184,0.489742,0.487493,0.484298,0.479143,0.470215,0.459021,0.446213,0.43006,0.408934,0.388624,0.373166,0.363979,0.36077,0.361321,0.365062,0.370945,0.376519,0.379651,0.380432,0.37931,0.376014,0.370589
4147,0.566705,0.570395,0.573643,0.575693,0.576272,0.575888,0.574703,0.573042,0.570226,0.565145,0.55753,0.547947,0.535795,0.52197,0.508,0.494994,0.482877,0.472664,0.464006,0.45615,0.449087,0.443844,0.440992,0.439184,0.437944,0.436743,0.434938,0.433929,0.434001,0.433409,0.432118,0.431579,0.431183,0.42924,0.424091,0.417448,0.411171,0.406507,0.403435,0.401335,0.398398,0.393556,0.387783,0.382557,0.378373,0.374131,0.370883,0.369652,0.370622,0.372324
4152,0.408616,0.401851,0.393722,0.387345,0.381427,0.375798,0.371973,0.3691,0.365434,0.361263,0.357735,0.351811,0.345929,0.340328,0.332923,0.324813,0.318171,0.312911,0.310724,0.312926,0.319666,0.329962,0.338384,0.343014,0.345507,0.348275,0.348498,0.345643,0.344504,0.345793,0.347172,0.346365,0.345692,0.345975,0.344653,0.344718,0.348853,0.357129,0.368032,0.378243,0.386777,0.39549,0.404694,0.410808,0.408439,0.402284,0.397091,0.393089,0.388462,0.384255
4156,0.440356,0.433856,0.42967,0.428004,0.429394,0.43277,0.436584,0.440598,0.443378,0.443898,0.442463,0.438777,0.431948,0.424338,0.417384,0.409121,0.39785,0.384692,0.371202,0.358518,0.348481,0.342376,0.342005,0.346671,0.353453,0.359693,0.363686,0.366861,0.36872,0.370272,0.371483,0.373589,0.377467,0.381196,0.384202,0.384066,0.380612,0.376247,0.375312,0.378431,0.381445,0.382086,0.380987,0.375585,0.362794,0.34437,0.327909,0.317304,0.311355,0.305284
4173,0.358745,0.356811,0.359742,0.360219,0.354455,0.348973,0.348517,0.349372,0.349324,0.352925,0.36286,0.375411,0.389548,0.399602,0.396686,0.386691,0.364951,0.329245,0.295293,0.273224,0.267139,0.261234,0.255085,0.258796,0.26944,0.28619,0.302568,0.317773,0.329801,0.340565,0.352651,0.360636,0.360471,0.360908,0.359675,0.353861,0.355791,0.364478,0.36948,0.372069,0.377618,0.387285,0.395721,0.399616,0.398013,0.384929,0.368127,0.358023,0.352733,0.341717
4197,0.463669,0.450602,0.439053,0.430135,0.424242,0.420203,0.417635,0.41569,0.41414,0.412848,0.411207,0.407979,0.403717,0.399455,0.395663,0.392336,0.389013,0.385843,0.383839,0.383353,0.383976,0.385497,0.388054,0.392401,0.397965,0.403457,0.408272,0.413256,0.417952,0.420222,0.419329,0.417083,0.413072,0.406002,0.396236,0.387316,0.378834,0.36903,0.35776,0.347075,0.336167,0.325249,0.31392,0.304614,0.29758,0.293507,0.293001,0.295643,0.297142,0.298242
4501,0.292779,0.327748,0.350118,0.356844,0.356675,0.341509,0.313843,0.271183,0.224435,0.200206,0.189147,0.18658,0.186857,0.185918,0.188308,0.200515,0.223891,0.255282,0.27516,0.28116,0.286146,0.288415,0.275808,0.257587,0.239632,0.226475,0.225993,0.229979,0.25101,0.28262,0.313108,0.330472,0.313236,0.281153,0.24247,0.220737,0.215717,0.225051,0.234471,0.243578,0.241173,0.247627,0.249754,0.246844,0.237517,0.230245,0.225737,0.212102,0.213267,0.222764
4521,0.470601,0.464276,0.45674,0.449719,0.44305,0.435586,0.426569,0.417764,0.409485,0.402132,0.396701,0.392085,0.387352,0.383268,0.379716,0.377026,0.376173,0.376644,0.375892,0.370958,0.364301,0.357198,0.349733,0.341498,0.332028,0.324356,0.318564,0.31553,0.316662,0.320416,0.325599,0.330989,0.334384,0.333308,0.331447,0.332526,0.336098,0.340656,0.34481,0.350931,0.359499,0.36749,0.370977,0.372521,0.373243,0.374942,0.37404,0.370338,0.367301,0.361784
4528,0.499306,0.490784,0.484493,0.479028,0.473935,0.469109,0.46418,0.460613,0.45946,0.459122,0.458507,0.455535,0.448489,0.442583,0.439261,0.43762,0.435915,0.436918,0.44073,0.440241,0.427343,0.412342,0.398023,0.381702,0.36259,0.344713,0.329026,0.317372,0.308941,0.30387,0.301852,0.300768,0.299682,0.303387,0.311408,0.320071,0.326347,0.333144,0.341496,0.35023,0.352497,0.344965,0.334352,0.321081,0.303455,0.283532,0.263633,0.247441,0.235833,0.224627
4543,0.612964,0.613316,0.614329,0.615286,0.615472,0.614694,0.612747,0.608735,0.603314,0.597595,0.592006,0.586445,0.580818,0.575789,0.571297,0.566549,0.561106,0.555515,0.549507,0.542728,0.535166,0.527375,0.519378,0.510973,0.502053,0.49219,0.480789,0.467986,0.454406,0.440839,0.428046,0.41723,0.407854,0.399028,0.390959,0.383092,0.375212,0.367899,0.361415,0.355606,0.3495,0.344601,0.340664,0.337371,0.334896,0.333302,0.332517,0.331545,0.32865,0.324747
4546,0.355079,0.368003,0.381311,0.395237,0.41026,0.426657,0.444526,0.462782,0.479864,0.495037,0.506404,0.511831,0.51032,0.503493,0.492085,0.475276,0.453035,0.428487,0.404055,0.38033,0.358867,0.339811,0.323309,0.309177,0.296418,0.285727,0.278042,0.273273,0.270867,0.269543,0.26854,0.268419,0.268642,0.269529,0.270289,0.270341,0.270156,0.271056,0.273359,0.275981,0.279165,0.284087,0.291275,0.29795,0.302641,0.30367,0.304922,0.306585,0.307822,0.308729
4551,0.410438,0.400636,0.393159,0.38899,0.388052,0.388169,0.386424,0.383853,0.381187,0.379139,0.377815,0.377533,0.378073,0.378982,0.379296,0.378276,0.378302,0.380568,0.383562,0.384429,0.383238,0.381041,0.378926,0.375556,0.370058,0.364456,0.35886,0.354598,0.350657,0.349017,0.350172,0.353726,0.358318,0.361448,0.362193,0.360384,0.354927,0.347049,0.340986,0.337262,0.333995,0.3316,0.334756,0.342244,0.350315,0.355155,0.35459,0.348544,0.339762,0.334221
4565,0.423854,0.426372,0.430715,0.436113,0.442007,0.447944,0.45351,0.458198,0.461483,0.463356,0.463192,0.461596,0.459248,0.45608,0.452327,0.447679,0.443139,0.43929,0.435737,0.430909,0.424973,0.419297,0.41399,0.408724,0.403309,0.397637,0.392358,0.385408,0.375078,0.363701,0.35179,0.339241,0.32526,0.311076,0.298511,0.288152,0.281873,0.281695,0.287573,0.298328,0.312263,0.328428,0.345323,0.361861,0.377836,0.392255,0.404124,0.413007,0.419412,0.420697
4570,0.507742,0.502604,0.497043,0.489384,0.47992,0.469051,0.456986,0.442548,0.42615,0.408979,0.392828,0.378646,0.366652,0.356622,0.348505,0.341948,0.336066,0.330244,0.324013,0.317007,0.309782,0.30314,0.29781,0.294013,0.291872,0.290994,0.291103,0.291936,0.293261,0.295539,0.298691,0.302885,0.30833,0.314622,0.32134,0.328113,0.334578,0.340493,0.345656,0.350103,0.353473,0.355224,0.355388,0.354037,0.351195,0.3465,0.339877,0.331543,0.321908,0.311203
4575,0.382406,0.375983,0.371283,0.365434,0.356674,0.345125,0.334215,0.326357,0.321956,0.321604,0.325477,0.333204,0.343196,0.355059,0.367751,0.380106,0.389967,0.397058,0.402139,0.406266,0.409131,0.408755,0.405233,0.400689,0.396788,0.3925,0.387684,0.383914,0.381409,0.378021,0.373467,0.368044,0.364076,0.362679,0.363953,0.36594,0.368716,0.371921,0.374217,0.3758,0.376824,0.378222,0.378844,0.378555,0.37716,0.373333,0.36756,0.359835,0.352059,0.344941
4581,0.441784,0.434526,0.427532,0.422435,0.417296,0.407355,0.396056,0.389272,0.387327,0.387385,0.385434,0.385159,0.388255,0.392304,0.392087,0.387047,0.383859,0.380979,0.374998,0.363001,0.349655,0.341275,0.338081,0.338459,0.338654,0.341175,0.343688,0.342817,0.339255,0.339009,0.341887,0.334029,0.323849,0.316507,0.312235,0.309209,0.309309,0.311637,0.311231,0.309505,0.307505,0.302434,0.291976,0.279338,0.268783,0.260329,0.254899,0.253592,0.2574,0.264302
4585,0.473162,0.468172,0.461123,0.453974,0.446887,0.440235,0.434258,0.429771,0.427217,0.42541,0.422916,0.418636,0.413812,0.40878,0.403762,0.399386,0.395032,0.390633,0.386715,0.384329,0.381618,0.377362,0.371302,0.363733,0.354302,0.341009,0.32669,0.313818,0.304389,0.299287,0.298669,0.301763,0.307825,0.316098,0.326105,0.337179,0.348851,0.360448,0.371243,0.380376,0.387642,0.392409,0.395981,0.40013,0.404018,0.405959,0.40755,0.40955,0.408728,0.405493
4597,0.481287,0.477123,0.473759,0.469635,0.462254,0.45419,0.447184,0.441045,0.434874,0.429845,0.425143,0.420766,0.418225,0.417843,0.419882,0.42228,0.422847,0.418897,0.41286,0.406543,0.397039,0.383089,0.369364,0.357745,0.348753,0.342734,0.338562,0.335477,0.33506,0.337051,0.339868,0.341075,0.342116,0.343044,0.343791,0.344346,0.34447,0.346474,0.349201,0.35085,0.351038,0.346492,0.343103,0.341787,0.342654,0.347088,0.351257,0.352234,0.351089,0.350565
4613,0.465591,0.47283,0.478664,0.482711,0.48484,0.485107,0.482904,0.478321,0.471304,0.46221,0.450545,0.436759,0.421706,0.406188,0.392034,0.380666,0.372192,0.365573,0.360576,0.357339,0.355559,0.354935,0.355398,0.356501,0.357298,0.357242,0.356399,0.354097,0.350196,0.345138,0.34014,0.335343,0.330633,0.326223,0.322277,0.319131,0.317304,0.317034,0.318191,0.320586,0.324158,0.329113,0.335857,0.344157,0.353051,0.362575,0.372469,0.381522,0.389293,0.394397
4627,0.428723,0.423381,0.417502,0.410224,0.402835,0.396307,0.390451,0.384298,0.378679,0.374084,0.370318,0.36759,0.36617,0.366254,0.367562,0.369758,0.37174,0.373583,0.375451,0.377071,0.377432,0.37694,0.37669,0.376696,0.37627,0.374719,0.373489,0.372955,0.372606,0.371558,0.370573,0.369333,0.367664,0.364132,0.358992,0.353575,0.348192,0.341498,0.333748,0.325978,0.320083,0.316136,0.31426,0.314864,0.315966,0.316774,0.314589,0.308263,0.299588,0.291907
4630,0.444308,0.439614,0.435335,0.43098,0.426667,0.42249,0.418664,0.414428,0.409363,0.404292,0.399956,0.395899,0.391611,0.386871,0.38167,0.376169,0.37014,0.364005,0.357209,0.349709,0.341447,0.332723,0.323468,0.313895,0.304851,0.296139,0.288298,0.282468,0.27897,0.276669,0.275992,0.276954,0.279912,0.28375,0.285995,0.286953,0.286611,0.285522,0.282998,0.278307,0.272232,0.266156,0.260339,0.255029,0.250887,0.248148,0.246386,0.245719,0.245542,0.245582
4660,0.422126,0.39918,0.380183,0.365563,0.354587,0.344999,0.337411,0.331215,0.324387,0.315375,0.306459,0.30016,0.298455,0.301383,0.306685,0.311848,0.314322,0.314211,0.311563,0.306751,0.299671,0.290097,0.278476,0.264339,0.250302,0.239092,0.232648,0.234487,0.244851,0.259761,0.2752,0.289423,0.301459,0.313863,0.327695,0.341306,0.355159,0.368087,0.379932,0.391495,0.399892,0.408585,0.414833,0.417329,0.412619,0.404436,0.396213,0.387882,0.377191,0.365462
4676,0.498361,0.497123,0.496261,0.495067,0.493941,0.492789,0.489826,0.484581,0.478086,0.470764,0.462144,0.452281,0.441421,0.430346,0.419136,0.408946,0.40005,0.392482,0.386356,0.381439,0.377866,0.37565,0.374533,0.374454,0.375475,0.377375,0.380072,0.383161,0.386636,0.39044,0.394365,0.397708,0.40032,0.402238,0.403433,0.403969,0.403701,0.402271,0.399146,0.396097,0.39273,0.388097,0.382094,0.375587,0.369706,0.364671,0.360557,0.357367,0.355571,0.354148
4687,0.614337,0.612472,0.605895,0.597316,0.588841,0.578849,0.568748,0.55814,0.547217,0.536518,0.524143,0.511221,0.497697,0.488261,0.483694,0.47853,0.473118,0.468221,0.466497,0.467825,0.464664,0.456848,0.451142,0.446921,0.4413,0.435903,0.430815,0.425236,0.420833,0.416397,0.411562,0.407124,0.398885,0.388092,0.378302,0.3698,0.362829,0.358858,0.357885,0.359948,0.366034,0.372808,0.379183,0.385183,0.387918,0.385089,0.378612,0.369281,0.357795,0.34717
4738,0.520311,0.512952,0.505367,0.498098,0.491284,0.48548,0.480727,0.476341,0.47137,0.465037,0.456656,0.446686,0.434684,0.421806,0.409666,0.397963,0.38628,0.374537,0.364499,0.356523,0.350664,0.346184,0.342574,0.34089,0.341566,0.343921,0.347439,0.351749,0.356701,0.3622,0.367504,0.372662,0.378151,0.383857,0.389215,0.393327,0.397405,0.400947,0.401502,0.398314,0.393081,0.387942,0.380191,0.369908,0.358096,0.34845,0.340997,0.335299,0.330968,0.329634
4743,0.443704,0.435188,0.427901,0.421709,0.415379,0.407439,0.398189,0.387465,0.374899,0.361527,0.347895,0.3345,0.323198,0.315479,0.311732,0.311554,0.313024,0.313598,0.311665,0.308651,0.305935,0.303552,0.301462,0.29961,0.296944,0.29347,0.289472,0.286768,0.286686,0.289831,0.295037,0.300462,0.304333,0.307417,0.311502,0.316788,0.324394,0.332547,0.339211,0.343538,0.344291,0.342105,0.338179,0.33105,0.322527,0.315549,0.311877,0.31111,0.313129,0.317577
4767,0.414417,0.399855,0.386653,0.375262,0.369016,0.366905,0.367064,0.367848,0.368411,0.367863,0.363731,0.354863,0.345786,0.338784,0.332911,0.328891,0.325897,0.322474,0.320691,0.319986,0.31703,0.311425,0.304177,0.299259,0.299039,0.302208,0.30882,0.318677,0.328941,0.335851,0.34012,0.3424,0.34118,0.337783,0.334584,0.333139,0.332813,0.332015,0.331646,0.332877,0.336339,0.340414,0.34355,0.343249,0.339791,0.335174,0.331136,0.327681,0.324121,0.319776
4828,0.359897,0.35607,0.349771,0.34368,0.33977,0.337465,0.336508,0.33567,0.336155,0.3396,0.345059,0.350481,0.355163,0.358338,0.358611,0.354925,0.350336,0.344948,0.339929,0.33381,0.328412,0.323995,0.320876,0.31805,0.314064,0.310956,0.30961,0.310137,0.311314,0.311086,0.310586,0.312732,0.316741,0.318703,0.315949,0.311994,0.308957,0.307166,0.304956,0.300591,0.295286,0.289484,0.28604,0.285605,0.287211,0.289244,0.292014,0.295202,0.299981,0.303769
4835,0.460846,0.456425,0.449779,0.442685,0.436011,0.430056,0.424642,0.41912,0.413013,0.407409,0.402291,0.396873,0.390559,0.383795,0.377708,0.373511,0.37126,0.370024,0.37,0.369986,0.369111,0.366475,0.363192,0.360156,0.357799,0.355216,0.352266,0.34891,0.345457,0.342249,0.339762,0.338558,0.338843,0.34013,0.34286,0.347218,0.352667,0.358079,0.362986,0.367012,0.369121,0.367964,0.364133,0.358417,0.351085,0.343579,0.337707,0.333669,0.331322,0.33048
5013,0.498954,0.476012,0.448623,0.41964,0.394527,0.37581,0.357873,0.337344,0.319621,0.309134,0.304981,0.303428,0.30425,0.310011,0.319512,0.329176,0.337694,0.348052,0.358604,0.360955,0.352619,0.340505,0.327322,0.31186,0.292742,0.273237,0.254779,0.237895,0.22214,0.209702,0.202349,0.201462,0.207465,0.217601,0.229237,0.242547,0.256423,0.268544,0.276274,0.280321,0.282792,0.281703,0.282783,0.284643,0.29193,0.306644,0.325595,0.331472,0.32585,0.323622
5023,0.480572,0.479673,0.477322,0.47367,0.469475,0.46438,0.458712,0.452782,0.446727,0.440665,0.435628,0.431465,0.427712,0.425553,0.424485,0.423225,0.420455,0.416593,0.412562,0.408611,0.40402,0.398984,0.393914,0.389047,0.383633,0.378046,0.374493,0.371909,0.36874,0.364272,0.359918,0.356249,0.352881,0.349905,0.347313,0.345005,0.342807,0.341497,0.341514,0.343285,0.346362,0.349502,0.35287,0.355859,0.358398,0.360807,0.363349,0.367231,0.370733,0.372759
5028,0.485382,0.481147,0.477074,0.473005,0.469339,0.466776,0.465398,0.465153,0.465717,0.466884,0.46764,0.467554,0.466961,0.465504,0.462244,0.457684,0.452877,0.448025,0.443747,0.440502,0.438228,0.436711,0.434111,0.428382,0.419415,0.409878,0.399557,0.390107,0.382173,0.376307,0.372734,0.371071,0.370645,0.370656,0.370724,0.370199,0.368472,0.365376,0.362201,0.359567,0.35729,0.355941,0.355044,0.354445,0.354255,0.35393,0.353309,0.353161,0.354326,0.357892
5039,0.400766,0.387278,0.376369,0.366898,0.358801,0.352894,0.349278,0.347736,0.347955,0.349129,0.351007,0.354046,0.35859,0.364316,0.368194,0.368922,0.367159,0.36332,0.35744,0.350291,0.342467,0.334449,0.327136,0.320841,0.314849,0.308806,0.303771,0.301756,0.302903,0.305846,0.309963,0.314241,0.317974,0.32173,0.325649,0.330152,0.335876,0.342067,0.346656,0.348959,0.350949,0.353823,0.356094,0.355517,0.351328,0.346996,0.342866,0.338064,0.332449,0.326515
5062,0.510006,0.503668,0.498589,0.493124,0.487274,0.480478,0.47412,0.469113,0.465872,0.463583,0.461656,0.458991,0.454601,0.448816,0.442209,0.43461,0.42685,0.419292,0.412119,0.404703,0.395741,0.385287,0.374168,0.363244,0.353075,0.344051,0.336257,0.33032,0.327275,0.326879,0.328115,0.330673,0.334106,0.337278,0.340249,0.342909,0.345477,0.347681,0.349014,0.348112,0.34485,0.341708,0.339245,0.337643,0.336332,0.334176,0.332998,0.332994,0.33477,0.336044
5074,0.399993,0.400054,0.399804,0.39847,0.396922,0.396269,0.396495,0.39779,0.39957,0.400502,0.399945,0.397412,0.392088,0.385011,0.377613,0.370924,0.365678,0.361578,0.35744,0.353124,0.348611,0.343307,0.339348,0.335789,0.332779,0.331621,0.332601,0.335081,0.338208,0.342752,0.347797,0.352716,0.357835,0.363587,0.369591,0.374437,0.376135,0.375335,0.374911,0.374436,0.371582,0.367176,0.362567,0.356991,0.350336,0.34253,0.33562,0.327055,0.315326,0.303301
5079,0.440015,0.419446,0.400715,0.384931,0.37172,0.359431,0.346205,0.334394,0.325278,0.318382,0.315569,0.315134,0.312578,0.308792,0.307784,0.310941,0.312895,0.311667,0.309293,0.304819,0.297898,0.288769,0.279139,0.267924,0.254894,0.240647,0.226619,0.215143,0.209229,0.209998,0.211563,0.214485,0.221822,0.23226,0.243777,0.256305,0.270603,0.286417,0.302034,0.315064,0.32703,0.337026,0.34089,0.339435,0.333975,0.329591,0.33384,0.347076,0.362271,0.377519
5082,0.494924,0.483487,0.473475,0.463696,0.452571,0.439729,0.426744,0.413335,0.398117,0.382195,0.367359,0.35366,0.340801,0.329209,0.320326,0.313663,0.30853,0.304275,0.301023,0.296908,0.291704,0.286758,0.281968,0.277947,0.274132,0.273335,0.275541,0.280616,0.289489,0.300828,0.312476,0.324295,0.334918,0.34534,0.355048,0.361813,0.367992,0.372062,0.375353,0.378185,0.380028,0.383583,0.388327,0.393295,0.395065,0.395847,0.396791,0.400818,0.404095,0.402057
5110,0.491979,0.489399,0.487172,0.485934,0.484315,0.483278,0.48373,0.486181,0.490627,0.496368,0.502081,0.505445,0.506715,0.506136,0.504087,0.499623,0.493539,0.486565,0.479041,0.469574,0.457164,0.442406,0.427554,0.414801,0.40456,0.395777,0.387346,0.378572,0.3696,0.362972,0.360287,0.360308,0.360424,0.360818,0.360556,0.360123,0.359916,0.361592,0.365302,0.367746,0.367648,0.368017,0.371311,0.375129,0.375449,0.373381,0.371628,0.372311,0.373985,0.373768
5115,0.477698,0.471281,0.464636,0.458339,0.451334,0.441776,0.431653,0.422227,0.412353,0.398776,0.385381,0.372783,0.360587,0.347187,0.33443,0.32378,0.316292,0.31195,0.310562,0.311627,0.31304,0.313354,0.313521,0.314174,0.315524,0.317265,0.320439,0.324122,0.328264,0.331569,0.333064,0.331682,0.329191,0.329245,0.332359,0.335856,0.338926,0.34191,0.344701,0.347113,0.349637,0.354233,0.360721,0.366399,0.369279,0.36967,0.370074,0.371817,0.37343,0.373356
5133,0.513208,0.499101,0.481223,0.460392,0.439747,0.423736,0.413956,0.408182,0.40506,0.404055,0.405788,0.40985,0.41446,0.416964,0.416209,0.412633,0.406527,0.397645,0.388228,0.379723,0.373802,0.368789,0.364926,0.361341,0.358431,0.357294,0.357627,0.359022,0.359088,0.35677,0.352924,0.348963,0.343371,0.337539,0.330954,0.323341,0.31518,0.306368,0.29593,0.287749,0.28261,0.279221,0.276622,0.27485,0.27474,0.276191,0.276257,0.275754,0.274027,0.272944
5136,0.485163,0.477698,0.470562,0.464279,0.459658,0.456924,0.455127,0.451881,0.446872,0.441939,0.43705,0.430816,0.422724,0.415613,0.410427,0.407161,0.405374,0.404834,0.405315,0.40751,0.411605,0.416163,0.420786,0.426052,0.431707,0.43716,0.441205,0.440868,0.436153,0.429315,0.420855,0.408672,0.392793,0.37514,0.35765,0.341392,0.326831,0.314538,0.305788,0.301287,0.299507,0.29774,0.294575,0.289313,0.282526,0.274723,0.264864,0.251292,0.235661,0.221185
5140,0.399955,0.382821,0.368778,0.355763,0.345384,0.338408,0.334077,0.330913,0.329499,0.330288,0.334338,0.34045,0.346142,0.35014,0.353177,0.355695,0.356119,0.354125,0.348975,0.340374,0.327903,0.31231,0.294245,0.274201,0.254702,0.238965,0.228825,0.225835,0.229268,0.23749,0.247896,0.258307,0.268597,0.279172,0.288121,0.295886,0.302219,0.304493,0.302302,0.299113,0.295656,0.293443,0.293375,0.294896,0.296366,0.296416,0.294809,0.290615,0.284242,0.277468
5145,0.41665,0.417872,0.41914,0.421802,0.423829,0.420334,0.415225,0.411613,0.40868,0.404497,0.399421,0.394838,0.390256,0.385021,0.379976,0.374986,0.369744,0.364618,0.359721,0.355834,0.352715,0.348359,0.340956,0.332241,0.324589,0.317457,0.310072,0.303855,0.300614,0.298853,0.296891,0.29456,0.292707,0.290765,0.286053,0.278554,0.270611,0.263148,0.257104,0.25315,0.250683,0.250296,0.252099,0.25672,0.261469,0.266413,0.271513,0.274758,0.278107,0.283546
5153,0.443934,0.425822,0.411682,0.402308,0.396632,0.393129,0.391205,0.391575,0.394625,0.401057,0.409036,0.417773,0.426524,0.435157,0.44345,0.450014,0.450617,0.444458,0.433723,0.419279,0.401002,0.381457,0.361888,0.34341,0.326666,0.312154,0.299847,0.289817,0.282475,0.278016,0.276592,0.278147,0.282026,0.288073,0.295823,0.304782,0.312177,0.319032,0.325955,0.333451,0.340512,0.344606,0.347093,0.348263,0.347526,0.344757,0.341013,0.337792,0.33564,0.334385
5157,0.542633,0.536847,0.529169,0.519054,0.506714,0.492755,0.480719,0.470868,0.462976,0.45786,0.455713,0.456059,0.458883,0.463379,0.46841,0.473774,0.478253,0.479231,0.477811,0.47479,0.469185,0.459441,0.448734,0.438574,0.429388,0.421119,0.41441,0.409744,0.408206,0.409148,0.410897,0.412127,0.412264,0.412435,0.411862,0.408883,0.402225,0.393089,0.381415,0.366942,0.349565,0.332515,0.317645,0.306043,0.297802,0.293696,0.293943,0.297836,0.303108,0.309741
5160,0.377253,0.36891,0.363682,0.361062,0.360992,0.362107,0.359137,0.355382,0.352454,0.34937,0.346898,0.34487,0.341087,0.3361,0.329942,0.322802,0.316454,0.311338,0.306796,0.301873,0.298492,0.298306,0.304051,0.314366,0.326781,0.34196,0.358341,0.375532,0.3897,0.399306,0.40815,0.416085,0.424241,0.427795,0.42884,0.430974,0.436156,0.443012,0.451099,0.456419,0.457627,0.457702,0.45793,0.458562,0.458687,0.456115,0.45032,0.443093,0.435599,0.42708
5166,0.397623,0.397297,0.396772,0.395919,0.394606,0.392514,0.38967,0.386932,0.384458,0.381794,0.379311,0.377337,0.375677,0.373343,0.370706,0.36818,0.365737,0.363381,0.361174,0.358805,0.355403,0.350337,0.344316,0.338322,0.332606,0.327756,0.324164,0.32275,0.32438,0.327781,0.331694,0.335293,0.3381,0.341304,0.345739,0.351196,0.356325,0.359956,0.362196,0.36336,0.362869,0.361273,0.358779,0.355837,0.353338,0.352222,0.351968,0.35172,0.351059,0.350037
5168,0.312878,0.309562,0.306709,0.30445,0.304193,0.306111,0.310152,0.315346,0.320538,0.325482,0.329276,0.330485,0.330257,0.32956,0.328051,0.325036,0.321488,0.318295,0.314958,0.310454,0.304708,0.298365,0.292282,0.286768,0.281926,0.277581,0.274122,0.271398,0.269437,0.26876,0.269298,0.270586,0.272781,0.276227,0.280614,0.28549,0.290502,0.296347,0.302473,0.306824,0.309904,0.312108,0.313102,0.313536,0.312062,0.309295,0.305468,0.300027,0.292221,0.283091
5173,0.499266,0.491072,0.482827,0.474413,0.466696,0.460375,0.455368,0.450709,0.445001,0.437436,0.428114,0.417387,0.406973,0.397574,0.389244,0.382385,0.377173,0.37351,0.371146,0.369612,0.3681,0.365815,0.362243,0.356151,0.347273,0.336158,0.323715,0.311297,0.300307,0.291643,0.286258,0.284074,0.283754,0.284632,0.288146,0.294819,0.304417,0.315817,0.324705,0.330264,0.334412,0.338384,0.344285,0.353017,0.364621,0.377676,0.389775,0.401157,0.411135,0.418744
5185,0.383085,0.376243,0.368333,0.361824,0.358482,0.357392,0.354815,0.351196,0.346625,0.339857,0.330591,0.321743,0.316709,0.314827,0.31458,0.314371,0.314845,0.315446,0.315057,0.311979,0.306548,0.299563,0.291374,0.281853,0.270552,0.258439,0.246385,0.236019,0.227351,0.220079,0.2149,0.212839,0.212802,0.215228,0.220628,0.229245,0.239527,0.249964,0.260958,0.272434,0.28328,0.291266,0.296516,0.29927,0.299591,0.29558,0.287102,0.275183,0.261263,0.246439
5188,0.420876,0.423139,0.422996,0.421511,0.421365,0.42178,0.422084,0.421982,0.42159,0.419629,0.417283,0.415504,0.412575,0.409647,0.407036,0.403546,0.398061,0.390554,0.383091,0.375976,0.368398,0.361354,0.354741,0.348518,0.343804,0.341113,0.340501,0.339839,0.339859,0.338624,0.338454,0.339045,0.338482,0.339405,0.341713,0.344607,0.34836,0.353141,0.360179,0.369897,0.380519,0.391064,0.402119,0.41378,0.42555,0.435752,0.442163,0.441998,0.436158,0.426031
5197,0.359359,0.358827,0.358826,0.35932,0.359557,0.358584,0.354927,0.348875,0.341131,0.33291,0.326225,0.320208,0.314182,0.30885,0.303639,0.297947,0.292452,0.287147,0.282191,0.277798,0.273819,0.269791,0.267148,0.267075,0.268874,0.271628,0.274612,0.276104,0.274917,0.272391,0.268781,0.264928,0.263348,0.264694,0.268191,0.272187,0.273596,0.270442,0.265279,0.260261,0.255769,0.251992,0.2493,0.248317,0.247418,0.245397,0.242173,0.239678,0.238833,0.238555
5202,0.351391,0.350402,0.352136,0.357152,0.363472,0.369822,0.375849,0.382153,0.388058,0.392107,0.394636,0.395971,0.396252,0.393735,0.389097,0.382777,0.375838,0.369594,0.363054,0.355954,0.348602,0.341428,0.332942,0.323894,0.313853,0.304136,0.294697,0.285312,0.276502,0.269307,0.263842,0.261006,0.261442,0.265376,0.270725,0.277364,0.285736,0.292541,0.2966,0.297577,0.299479,0.301229,0.299994,0.295852,0.292856,0.293203,0.294947,0.297254,0.298074,0.297776
5206,0.473539,0.469631,0.466662,0.464545,0.46224,0.459602,0.457467,0.455479,0.451945,0.44634,0.43967,0.433278,0.42716,0.420131,0.411852,0.402052,0.392229,0.382741,0.374322,0.367042,0.360582,0.353459,0.346425,0.340367,0.336,0.335069,0.336967,0.342024,0.349018,0.357201,0.36478,0.371163,0.37643,0.380678,0.384299,0.386331,0.386417,0.385253,0.381078,0.375269,0.368423,0.361591,0.355604,0.349074,0.341676,0.33477,0.328883,0.324877,0.322603,0.322314
5243,0.472953,0.471029,0.470157,0.46969,0.468457,0.465732,0.461828,0.458016,0.454121,0.449547,0.444427,0.438909,0.432296,0.425075,0.417988,0.411687,0.405983,0.399639,0.39203,0.384362,0.376833,0.370476,0.366693,0.365284,0.36573,0.366775,0.367521,0.367064,0.365207,0.3626,0.359449,0.354601,0.348043,0.340135,0.331735,0.323032,0.314195,0.304527,0.29473,0.286511,0.280153,0.275947,0.273135,0.272598,0.275561,0.283112,0.295214,0.309978,0.326267,0.343972
5261,0.520956,0.512472,0.502337,0.493723,0.487448,0.485774,0.487702,0.490961,0.49427,0.495608,0.495731,0.496087,0.496514,0.495769,0.493838,0.491981,0.490701,0.488829,0.484977,0.480903,0.477365,0.474504,0.471996,0.469938,0.467393,0.462125,0.45379,0.444999,0.437772,0.432383,0.427192,0.42182,0.416176,0.409121,0.401091,0.393389,0.386792,0.381184,0.376802,0.374166,0.372963,0.373461,0.375967,0.379213,0.382497,0.386144,0.390468,0.395316,0.399417,0.403007
5265,0.461837,0.457953,0.455731,0.455508,0.458492,0.465214,0.473711,0.481633,0.488212,0.49437,0.50122,0.50836,0.514553,0.518347,0.518408,0.515174,0.508446,0.499514,0.488446,0.476737,0.465031,0.454593,0.445525,0.437053,0.42863,0.420282,0.41205,0.403317,0.393372,0.382724,0.37199,0.362103,0.353386,0.345787,0.33909,0.333693,0.329763,0.327894,0.327778,0.326525,0.324784,0.323531,0.323307,0.324348,0.324015,0.322852,0.321009,0.320337,0.318878,0.316129
5285,0.423801,0.421066,0.41833,0.414868,0.411733,0.40902,0.406732,0.405316,0.404578,0.404067,0.403653,0.403115,0.401659,0.398936,0.395225,0.390688,0.385865,0.380861,0.375635,0.370924,0.366732,0.362737,0.358301,0.354083,0.349625,0.344764,0.339618,0.336498,0.336345,0.33791,0.337475,0.337312,0.338047,0.34123,0.344748,0.348821,0.353791,0.359377,0.364541,0.369588,0.375037,0.380039,0.38549,0.391029,0.396841,0.401057,0.403961,0.405063,0.404241,0.403279
5290,0.484665,0.478421,0.473451,0.468262,0.462728,0.457688,0.453226,0.448741,0.444451,0.44061,0.437899,0.436641,0.436996,0.438396,0.438258,0.436636,0.436569,0.43752,0.437923,0.438487,0.439511,0.441993,0.441758,0.437774,0.433224,0.429654,0.42658,0.422662,0.416758,0.40956,0.401331,0.391365,0.379724,0.367972,0.357923,0.349317,0.342596,0.339428,0.340246,0.343204,0.347368,0.353047,0.360417,0.367979,0.375106,0.382929,0.39262,0.402646,0.411491,0.415629
5313,0.60944,0.602089,0.590435,0.574096,0.555839,0.537881,0.520092,0.505131,0.494054,0.485628,0.480702,0.477631,0.47564,0.474784,0.475068,0.475479,0.47366,0.471324,0.468763,0.465705,0.461049,0.456259,0.451882,0.448259,0.444968,0.442244,0.440547,0.439739,0.436442,0.430814,0.424118,0.4177,0.413164,0.410106,0.408588,0.408939,0.409849,0.408428,0.404548,0.396538,0.385386,0.371844,0.35763,0.342642,0.326825,0.311933,0.298449,0.286205,0.276441,0.272017
5338,0.466725,0.457446,0.447786,0.437266,0.423037,0.406519,0.388406,0.370341,0.353148,0.337922,0.324895,0.314546,0.308167,0.306993,0.310194,0.316595,0.324765,0.333273,0.342081,0.350185,0.357958,0.364623,0.370249,0.376066,0.382594,0.388588,0.390302,0.389758,0.387225,0.383117,0.374558,0.361752,0.347202,0.332983,0.31971,0.307606,0.29714,0.288537,0.281697,0.27639,0.272812,0.271349,0.271571,0.27284,0.27527,0.280158,0.287272,0.293967,0.29765,0.300859
5340,0.458045,0.446,0.435423,0.425128,0.414587,0.405134,0.397434,0.390425,0.384001,0.37823,0.372995,0.367804,0.36247,0.356274,0.348567,0.339972,0.331539,0.324204,0.318001,0.311566,0.30423,0.297666,0.291955,0.286716,0.284578,0.285937,0.287949,0.289845,0.292194,0.296792,0.303474,0.309294,0.313366,0.317339,0.320881,0.321673,0.322533,0.322495,0.319751,0.317069,0.316689,0.314614,0.309817,0.306196,0.30382,0.303927,0.306402,0.310965,0.31552,0.318819
5349,0.431949,0.411242,0.397952,0.391927,0.390198,0.390853,0.392106,0.39172,0.38861,0.384304,0.38004,0.377642,0.375251,0.373596,0.370755,0.366664,0.362474,0.358024,0.351819,0.342313,0.330443,0.317048,0.302354,0.290715,0.285163,0.284173,0.287388,0.298794,0.319213,0.345656,0.369707,0.391466,0.410671,0.432821,0.457463,0.477008,0.488458,0.497338,0.506183,0.515449,0.522558,0.522974,0.519808,0.520255,0.514162,0.495841,0.464733,0.431532,0.403348,0.380484
5401,0.427059,0.425799,0.423121,0.41925,0.416807,0.416508,0.416549,0.415423,0.414035,0.413765,0.414122,0.413689,0.413532,0.414427,0.415049,0.414542,0.413235,0.412677,0.411836,0.41003,0.4076,0.404824,0.400044,0.393977,0.387714,0.381282,0.374226,0.367867,0.362597,0.356901,0.350088,0.343413,0.338809,0.335212,0.332009,0.329978,0.329249,0.329019,0.329369,0.33042,0.332118,0.333368,0.334298,0.335826,0.337497,0.339123,0.339146,0.337683,0.336288,0.335431
5402,0.510042,0.505954,0.502083,0.498577,0.493929,0.488919,0.485333,0.480961,0.474336,0.467818,0.45973,0.450175,0.440088,0.432537,0.423773,0.413511,0.40568,0.400152,0.392787,0.382874,0.374558,0.367697,0.359239,0.350067,0.343002,0.33654,0.328771,0.321064,0.314653,0.309289,0.304145,0.30106,0.299892,0.297298,0.290777,0.281842,0.271413,0.260565,0.249391,0.237051,0.22527,0.218022,0.211753,0.20359,0.197904,0.195724,0.195488,0.196786,0.200599,0.206773
5406,0.466629,0.461644,0.456314,0.450958,0.445309,0.438944,0.432739,0.42685,0.419871,0.412772,0.40666,0.400135,0.392058,0.384606,0.378876,0.37379,0.36829,0.363028,0.358447,0.355213,0.352582,0.350102,0.347652,0.345238,0.341704,0.338202,0.334927,0.3317,0.32704,0.320653,0.313449,0.306643,0.301334,0.298027,0.296434,0.296424,0.297685,0.299776,0.301935,0.304179,0.306542,0.30806,0.308605,0.308859,0.309566,0.310425,0.30984,0.308242,0.305573,0.301795
5413,0.329073,0.324008,0.318355,0.313479,0.309081,0.302033,0.293194,0.28664,0.28364,0.281818,0.280496,0.278138,0.276294,0.274776,0.273094,0.268109,0.265205,0.263438,0.260313,0.256605,0.251143,0.244313,0.236794,0.228631,0.219623,0.212675,0.210104,0.211982,0.216221,0.22251,0.231336,0.237966,0.24216,0.249701,0.254608,0.253752,0.249244,0.246223,0.250458,0.26135,0.276564,0.288995,0.296811,0.294946,0.2889,0.279399,0.271137,0.265772,0.259166,0.249916
5418,0.452645,0.451251,0.449776,0.447411,0.442925,0.436733,0.429788,0.423041,0.416582,0.410088,0.403541,0.397404,0.39154,0.385855,0.380648,0.376279,0.372731,0.370384,0.368852,0.367773,0.366201,0.362699,0.35819,0.354547,0.35191,0.350435,0.350159,0.351766,0.35496,0.35849,0.360458,0.361519,0.361181,0.361125,0.361511,0.360666,0.361024,0.364094,0.370291,0.377083,0.381807,0.386709,0.392531,0.399128,0.405455,0.408572,0.408529,0.406631,0.403984,0.401382
5423,0.468953,0.4684,0.467418,0.466756,0.467907,0.470031,0.471386,0.470779,0.468884,0.466519,0.463616,0.459364,0.454529,0.449958,0.444895,0.438476,0.430768,0.422979,0.414923,0.406336,0.397547,0.390604,0.385565,0.381505,0.378562,0.37756,0.378207,0.379387,0.380355,0.381555,0.38314,0.385212,0.386973,0.388251,0.389321,0.39013,0.390763,0.390905,0.391424,0.392249,0.392956,0.393143,0.392316,0.390354,0.387441,0.384466,0.381187,0.37738,0.373126,0.368408
5428,0.444355,0.431943,0.412036,0.389894,0.36775,0.348014,0.330947,0.316886,0.307132,0.303248,0.30658,0.314032,0.321797,0.328377,0.334594,0.34152,0.348934,0.356441,0.360629,0.361892,0.362884,0.36557,0.368969,0.372742,0.378417,0.38303,0.385059,0.384075,0.385066,0.39013,0.395567,0.400765,0.404689,0.409566,0.414159,0.415226,0.413668,0.413178,0.411293,0.404342,0.390197,0.371897,0.354288,0.336554,0.319092,0.306214,0.300368,0.299768,0.302101,0.306897
SIMBA_100,0.608604,0.614617,0.617831,0.613852,0.602821,0.586746,0.569383,0.551149,0.533368,0.517753,0.504559,0.493443,0.483493,0.473664,0.462507,0.449313,0.435271,0.420421,0.406772,0.395312,0.384829,0.373088,0.361082,0.3478,0.333914,0.321374,0.311626,0.306485,0.306596,0.312324,0.322225,0.331914,0.3391,0.344269,0.347536,0.351919,0.356329,0.360624,0.364072,0.366719,0.369032,0.371105,0.373138,0.374186,0.374805,0.375397,0.374199,0.368934,0.359463,0.347867
SIMBA_106,0.525147,0.520166,0.514799,0.507705,0.500135,0.491325,0.483309,0.477927,0.474324,0.471447,0.466382,0.461598,0.458603,0.45782,0.458303,0.459528,0.460619,0.458507,0.451122,0.44088,0.431591,0.425796,0.423452,0.425337,0.430464,0.435154,0.439623,0.440942,0.438393,0.432196,0.423318,0.416417,0.413621,0.4126,0.409236,0.404348,0.400897,0.397761,0.393712,0.390485,0.38965,0.394253,0.402491,0.412187,0.421977,0.430946,0.437875,0.443752,0.449583,0.454347
